report_id,report_key,filer_name,filing_date,filing_format,report_url,status,transactions_found,error,checked_at_utc
a0431e36-2161-4e97-b99a-74a966d7193a,a0431e36-2161-4e97-b99a-74a966d7193a,John Fetterman,2026-09-09,electronic_html,https://efdsearch.senate.gov/search/view/ptr/a0431e36-2161-4e97-b99a-74a966d7193a/,ok,1,,2026-09-10T17:05:26Z
e5144197-e49c-4f74-bec4-19f1f3124668,e5144197-e49c-4f74-bec4-19f1f3124668,Cory A Booker,2026-09-09,electronic_html,https://efdsearch.senate.gov/search/view/ptr/e5144197-e49c-4f74-bec4-19f1f3124668/,ok,7,,2026-09-10T17:05:26Z
f8d003c0-ca1e-4c39-9d66-632d220180e1,f8d003c0-ca1e-4c39-9d66-632d220180e1,Sheldon Whitehouse,2026-09-02,electronic_html,https://efdsearch.senate.gov/search/view/ptr/f8d003c0-ca1e-4c39-9d66-632d220180e1/,ok_reused,5,,2026-09-10T17:05:26Z
929216d5-5dbd-429c-858c-1e9332924627,929216d5-5dbd-429c-858c-1e9332924627,RICHARD BLUMENTHAL,2026-08-31,paper_scan,https://efdsearch.senate.gov/search/view/paper/929216d5-5dbd-429c-858c-1e9332924627/,paper_deferred,0,Paper filing intentionally deferred to a future project.,2026-09-10T17:05:26Z
5a76ceb6-2d1d-4430-8a17-6512bcb402be,5a76ceb6-2d1d-4430-8a17-6512bcb402be,Christopher A Coons,2026-08-28,electronic_html,https://efdsearch.senate.gov/search/view/ptr/5a76ceb6-2d1d-4430-8a17-6512bcb402be/,ok_reused,1,,2026-09-10T17:05:26Z
257795ae-e1b2-411d-b562-8fe4c2a4f2a1,257795ae-e1b2-411d-b562-8fe4c2a4f2a1,David H McCormick,2026-08-27,electronic_html,https://efdsearch.senate.gov/search/view/ptr/257795ae-e1b2-411d-b562-8fe4c2a4f2a1/,ok_reused,52,,2026-09-10T17:05:26Z
51455bcd-4966-4e77-b481-09897ada81ae,51455bcd-4966-4e77-b481-09897ada81ae,John Boozman,2026-08-24,electronic_html,https://efdsearch.senate.gov/search/view/ptr/51455bcd-4966-4e77-b481-09897ada81ae/,ok_reused,14,,2026-09-10T17:05:26Z
ec20cd93-6702-4a29-b3a6-983f4b17f365,ec20cd93-6702-4a29-b3a6-983f4b17f365,RICHARD BLUMENTHAL,2026-08-21,paper_scan,https://efdsearch.senate.gov/search/view/paper/ec20cd93-6702-4a29-b3a6-983f4b17f365/,paper_deferred,0,Paper filing intentionally deferred to a future project.,2026-09-10T17:05:26Z
f727289a-4d72-4c90-a3ea-63d5bcd23398,f727289a-4d72-4c90-a3ea-63d5bcd23398,John Boozman,2026-08-20,electronic_html,https://efdsearch.senate.gov/search/view/ptr/f727289a-4d72-4c90-a3ea-63d5bcd23398/,ok_reused,9,,2026-09-10T17:05:26Z
28e465df-caf1-4a98-8ebc-605e1e1ba99b,28e465df-caf1-4a98-8ebc-605e1e1ba99b,John Boozman,2026-08-17,electronic_html,https://efdsearch.senate.gov/search/view/ptr/28e465df-caf1-4a98-8ebc-605e1e1ba99b/,ok_reused,4,,2026-09-10T17:05:26Z
4184cc9a-78e0-45f3-84f7-642011e6ff98,4184cc9a-78e0-45f3-84f7-642011e6ff98,John Boozman,2026-08-17,electronic_html,https://efdsearch.senate.gov/search/view/ptr/4184cc9a-78e0-45f3-84f7-642011e6ff98/,ok_reused,6,,2026-09-10T17:05:26Z
4a558db2-e492-4e8f-8a28-7b703a5c8e08,4a558db2-e492-4e8f-8a28-7b703a5c8e08,John Boozman,2026-08-17,electronic_html,https://efdsearch.senate.gov/search/view/ptr/4a558db2-e492-4e8f-8a28-7b703a5c8e08/,ok_reused,6,,2026-09-10T17:05:26Z
047c4167-e0a9-44d4-a2bf-5477eb6b20ab,047c4167-e0a9-44d4-a2bf-5477eb6b20ab,Mark R Warner,2026-08-14,electronic_html,https://efdsearch.senate.gov/search/view/ptr/047c4167-e0a9-44d4-a2bf-5477eb6b20ab/,ok_reused,3,,2026-09-10T17:05:26Z
e15641c6-d632-4b7a-82d1-45c242b1515a,e15641c6-d632-4b7a-82d1-45c242b1515a,Timothy P Sheehy,2026-08-13,electronic_html,https://efdsearch.senate.gov/search/view/ptr/e15641c6-d632-4b7a-82d1-45c242b1515a/,ok_reused,5,,2026-09-10T17:05:26Z
f0a05c3b-66e0-4287-a388-454e2b4c823d,f0a05c3b-66e0-4287-a388-454e2b4c823d,Rick Scott,2026-08-13,electronic_html,https://efdsearch.senate.gov/search/view/ptr/f0a05c3b-66e0-4287-a388-454e2b4c823d/,ok_reused,6,,2026-09-10T17:05:26Z
c993b04b-6773-47e2-9b61-ab5dfe9e68b1,c993b04b-6773-47e2-9b61-ab5dfe9e68b1,John Fetterman,2026-08-10,electronic_html,https://efdsearch.senate.gov/search/view/ptr/c993b04b-6773-47e2-9b61-ab5dfe9e68b1/,ok_reused,3,,2026-09-10T17:05:26Z
5ecc9b5c-07c1-4ec1-bd4a-2db759eff299,5ecc9b5c-07c1-4ec1-bd4a-2db759eff299,Ron L Wyden,2026-08-08,electronic_html,https://efdsearch.senate.gov/search/view/ptr/5ecc9b5c-07c1-4ec1-bd4a-2db759eff299/,ok_reused,1,,2026-09-10T17:05:26Z
328a9b36-1205-4117-bdc4-cd7c3ccbcbbc,328a9b36-1205-4117-bdc4-cd7c3ccbcbbc,Gary C Peters,2026-08-07,electronic_html,https://efdsearch.senate.gov/search/view/ptr/328a9b36-1205-4117-bdc4-cd7c3ccbcbbc/,ok_reused,1,,2026-09-10T17:05:26Z
57cf1745-e3dd-4afd-8685-228153848631,57cf1745-e3dd-4afd-8685-228153848631,Thomas H Tuberville,2026-08-05,electronic_html,https://efdsearch.senate.gov/search/view/ptr/57cf1745-e3dd-4afd-8685-228153848631/,ok_reused,5,,2026-09-10T17:05:26Z
1a5e6752-653a-4b11-82b6-efd51d466bb6,1a5e6752-653a-4b11-82b6-efd51d466bb6,Thomas H Tuberville,2026-08-05,electronic_html,https://efdsearch.senate.gov/search/view/ptr/1a5e6752-653a-4b11-82b6-efd51d466bb6/,ok_reused,7,,2026-09-10T17:05:26Z
014817f0-9809-457f-8ac5-048948608e02,014817f0-9809-457f-8ac5-048948608e02,Thomas H Tuberville,2026-08-05,electronic_html,https://efdsearch.senate.gov/search/view/ptr/014817f0-9809-457f-8ac5-048948608e02/,ok_reused,16,,2026-09-10T17:05:26Z
d1afafd0-a78f-44ef-ae47-da99dfb01317,d1afafd0-a78f-44ef-ae47-da99dfb01317,Thomas H Tuberville,2026-08-05,electronic_html,https://efdsearch.senate.gov/search/view/ptr/d1afafd0-a78f-44ef-ae47-da99dfb01317/,ok_reused,6,,2026-09-10T17:05:26Z
2b076d77-6bc1-4b67-8be9-8f45a787479f,2b076d77-6bc1-4b67-8be9-8f45a787479f,Thomas H Tuberville,2026-08-05,electronic_html,https://efdsearch.senate.gov/search/view/ptr/2b076d77-6bc1-4b67-8be9-8f45a787479f/,ok_reused,12,,2026-09-10T17:05:26Z
cce52b36-d00c-4710-a8ee-e84893fb4be1,cce52b36-d00c-4710-a8ee-e84893fb4be1,Thomas H Tuberville,2026-08-05,electronic_html,https://efdsearch.senate.gov/search/view/ptr/cce52b36-d00c-4710-a8ee-e84893fb4be1/,ok_reused,12,,2026-09-10T17:05:26Z
2758f09a-fda9-4fb4-a465-270173a8125d,2758f09a-fda9-4fb4-a465-270173a8125d,Thomas H Tuberville,2026-08-05,electronic_html,https://efdsearch.senate.gov/search/view/ptr/2758f09a-fda9-4fb4-a465-270173a8125d/,ok_reused,6,,2026-09-10T17:05:26Z
0a25588d-a3f8-4ed6-971a-706097f78e3a,0a25588d-a3f8-4ed6-971a-706097f78e3a,Thomas H Tuberville,2026-08-05,electronic_html,https://efdsearch.senate.gov/search/view/ptr/0a25588d-a3f8-4ed6-971a-706097f78e3a/,ok_reused,94,,2026-09-10T17:05:26Z
548cacbf-7cf2-42cb-9f23-71250938caae,548cacbf-7cf2-42cb-9f23-71250938caae,Thomas H Tuberville,2026-08-05,electronic_html,https://efdsearch.senate.gov/search/view/ptr/548cacbf-7cf2-42cb-9f23-71250938caae/,ok_reused,19,,2026-09-10T17:05:26Z
60c01547-0cf9-46c6-9ce6-f0102f5941f6,60c01547-0cf9-46c6-9ce6-f0102f5941f6,Shelley M Capito,2026-08-04,electronic_html,https://efdsearch.senate.gov/search/view/ptr/60c01547-0cf9-46c6-9ce6-f0102f5941f6/,ok_reused,5,,2026-09-10T17:05:26Z
d20def77-73a7-44e0-8be0-b9b05492deed,d20def77-73a7-44e0-8be0-b9b05492deed,Rick Scott,2026-08-03,electronic_html,https://efdsearch.senate.gov/search/view/ptr/d20def77-73a7-44e0-8be0-b9b05492deed/,ok_reused,12,,2026-09-10T17:05:26Z
96db6e64-f7c3-4483-b0aa-af10ba2bdbbd,96db6e64-f7c3-4483-b0aa-af10ba2bdbbd,Sheldon Whitehouse,2026-08-03,electronic_html,https://efdsearch.senate.gov/search/view/ptr/96db6e64-f7c3-4483-b0aa-af10ba2bdbbd/,ok_reused,1,,2026-09-10T17:05:26Z
19fb5a84-b9f8-4847-841e-84c67a0edfe0,19fb5a84-b9f8-4847-841e-84c67a0edfe0,David H McCormick,2026-07-29,electronic_html,https://efdsearch.senate.gov/search/view/ptr/19fb5a84-b9f8-4847-841e-84c67a0edfe0/,ok_reused,14,,2026-09-10T17:05:26Z
bccf83ce-dd72-4ab6-8564-b3bbb1d2ee55,bccf83ce-dd72-4ab6-8564-b3bbb1d2ee55,Bernie Moreno,2026-07-24,electronic_html,https://efdsearch.senate.gov/search/view/ptr/bccf83ce-dd72-4ab6-8564-b3bbb1d2ee55/,ok_reused,2,,2026-09-10T17:05:26Z
fda235b3-bad7-4637-8fa1-053f354d929c,fda235b3-bad7-4637-8fa1-053f354d929c,Alan Armstrong,2026-07-21,electronic_html,https://efdsearch.senate.gov/search/view/ptr/fda235b3-bad7-4637-8fa1-053f354d929c/,ok_reused,703,,2026-09-10T17:05:26Z
cff197e2-b90b-4b53-b97d-eecf226a1980,cff197e2-b90b-4b53-b97d-eecf226a1980,"Jerry Moran,",2026-07-21,electronic_html,https://efdsearch.senate.gov/search/view/ptr/cff197e2-b90b-4b53-b97d-eecf226a1980/,ok_reused,2,,2026-09-10T17:05:26Z
3a4c5095-028a-4614-a692-836719da4e63,3a4c5095-028a-4614-a692-836719da4e63,RICHARD BLUMENTHAL,2026-07-17,paper_scan,https://efdsearch.senate.gov/search/view/paper/3a4c5095-028a-4614-a692-836719da4e63/,paper_deferred,0,Paper filing intentionally deferred to a future project.,2026-09-10T17:05:26Z
392ac3e5-07f6-4f8c-840f-84e9066ffb29,392ac3e5-07f6-4f8c-840f-84e9066ffb29,Thomas H Tuberville,2026-07-16,electronic_html,https://efdsearch.senate.gov/search/view/ptr/392ac3e5-07f6-4f8c-840f-84e9066ffb29/,ok_reused,11,,2026-09-10T17:05:26Z
c52854ed-a778-483a-883c-0ba2bba17877,c52854ed-a778-483a-883c-0ba2bba17877,John Boozman,2026-07-13,electronic_html,https://efdsearch.senate.gov/search/view/ptr/c52854ed-a778-483a-883c-0ba2bba17877/,ok_reused,5,,2026-09-10T17:05:26Z
9c0b720d-7e27-4b02-8cf5-a85ba88c9543,9c0b720d-7e27-4b02-8cf5-a85ba88c9543,John Boozman,2026-07-13,electronic_html,https://efdsearch.senate.gov/search/view/ptr/9c0b720d-7e27-4b02-8cf5-a85ba88c9543/,ok_reused,5,,2026-09-10T17:05:26Z
a5fdbba4-9c67-4002-b931-1cd910ce590d,a5fdbba4-9c67-4002-b931-1cd910ce590d,John Fetterman,2026-07-09,electronic_html,https://efdsearch.senate.gov/search/view/ptr/a5fdbba4-9c67-4002-b931-1cd910ce590d/,ok_reused,3,,2026-09-10T17:05:26Z
5d9b1b8e-2ae1-442b-860c-e79b8a701dc6,5d9b1b8e-2ae1-442b-860c-e79b8a701dc6,Sheldon Whitehouse,2026-07-08,electronic_html,https://efdsearch.senate.gov/search/view/ptr/5d9b1b8e-2ae1-442b-860c-e79b8a701dc6/,ok_reused,6,,2026-09-10T17:05:26Z
4f4d76c6-52ab-4edb-884d-b6c43e7b1bbe,4f4d76c6-52ab-4edb-884d-b6c43e7b1bbe,Shelley M Capito,2026-07-06,electronic_html,https://efdsearch.senate.gov/search/view/ptr/4f4d76c6-52ab-4edb-884d-b6c43e7b1bbe/,ok_reused,1,,2026-09-10T17:05:26Z
40fbe259-f282-4982-a53f-1c7278d041cd,40fbe259-f282-4982-a53f-1c7278d041cd,Gary C Peters,2026-07-02,electronic_html,https://efdsearch.senate.gov/search/view/ptr/40fbe259-f282-4982-a53f-1c7278d041cd/,ok_reused,1,,2026-09-10T17:05:26Z
96d0794e-fb53-495f-9137-fff88d0885e6,96d0794e-fb53-495f-9137-fff88d0885e6,John R Curtis,2026-06-30,electronic_html,https://efdsearch.senate.gov/search/view/ptr/96d0794e-fb53-495f-9137-fff88d0885e6/,ok_reused,25,,2026-09-10T17:05:26Z
36b2e868-6789-43e3-91eb-ebe85aad5699,36b2e868-6789-43e3-91eb-ebe85aad5699,"A. Mitchell McConnell, Jr.",2026-06-30,electronic_html,https://efdsearch.senate.gov/search/view/ptr/36b2e868-6789-43e3-91eb-ebe85aad5699/,ok_reused,1,,2026-09-10T17:05:26Z
ff0b0573-2809-40ae-8197-4b26648e9027,ff0b0573-2809-40ae-8197-4b26648e9027,David H McCormick,2026-06-26,electronic_html,https://efdsearch.senate.gov/search/view/ptr/ff0b0573-2809-40ae-8197-4b26648e9027/,ok_reused,32,,2026-09-10T17:05:26Z
7caf1b69-3678-4420-8812-a1476a1a6158,7caf1b69-3678-4420-8812-a1476a1a6158,"Jerry Moran,",2026-06-25,electronic_html,https://efdsearch.senate.gov/search/view/ptr/7caf1b69-3678-4420-8812-a1476a1a6158/,ok_reused,5,,2026-09-10T17:05:26Z
727b4eb6-d8c7-4792-aa5b-c651c2d72f9c,727b4eb6-d8c7-4792-aa5b-c651c2d72f9c,John Boozman,2026-06-16,electronic_html,https://efdsearch.senate.gov/search/view/ptr/727b4eb6-d8c7-4792-aa5b-c651c2d72f9c/,ok_reused,18,,2026-09-10T17:05:26Z
a9754ff5-901a-4877-b7be-a647bd361c52,a9754ff5-901a-4877-b7be-a647bd361c52,John Boozman,2026-06-16,electronic_html,https://efdsearch.senate.gov/search/view/ptr/a9754ff5-901a-4877-b7be-a647bd361c52/,ok_reused,18,,2026-09-10T17:05:26Z
2e076759-19df-458d-a3be-53610b8be5d0,2e076759-19df-458d-a3be-53610b8be5d0,John Boozman,2026-06-16,electronic_html,https://efdsearch.senate.gov/search/view/ptr/2e076759-19df-458d-a3be-53610b8be5d0/,ok_reused,15,,2026-09-10T17:05:26Z
4b69867f-0376-4526-93f2-cd556b1155c9,4b69867f-0376-4526-93f2-cd556b1155c9,John Fetterman,2026-06-12,electronic_html,https://efdsearch.senate.gov/search/view/ptr/4b69867f-0376-4526-93f2-cd556b1155c9/,ok_reused,1,,2026-09-10T17:05:26Z
be9bb561-8290-4364-85b4-06a59ef0ec01,be9bb561-8290-4364-85b4-06a59ef0ec01,Gary C Peters,2026-06-11,electronic_html,https://efdsearch.senate.gov/search/view/ptr/be9bb561-8290-4364-85b4-06a59ef0ec01/,ok_reused,1,,2026-09-10T17:05:26Z
a0d25e8f-fe54-4328-a7ea-504da008742b,a0d25e8f-fe54-4328-a7ea-504da008742b,RICHARD BLUMENTHAL,2026-06-08,paper_scan,https://efdsearch.senate.gov/search/view/paper/a0d25e8f-fe54-4328-a7ea-504da008742b/,paper_deferred,0,Paper filing intentionally deferred to a future project.,2026-09-10T17:05:26Z
59c6f909-ad10-429d-8a8c-df81b00cf5fd,59c6f909-ad10-429d-8a8c-df81b00cf5fd,James Banks,2026-06-07,electronic_html,https://efdsearch.senate.gov/search/view/ptr/59c6f909-ad10-429d-8a8c-df81b00cf5fd/,ok_reused,1,,2026-09-10T17:05:26Z
4aa0094d-d9da-4a05-aa13-6d9f5d376105,4aa0094d-d9da-4a05-aa13-6d9f5d376105,Sheldon Whitehouse,2026-06-02,electronic_html,https://efdsearch.senate.gov/search/view/ptr/4aa0094d-d9da-4a05-aa13-6d9f5d376105/,ok_reused,3,,2026-09-10T17:05:26Z
5245bd7a-a8b7-4d3e-8fb1-f563322da8f8,5245bd7a-a8b7-4d3e-8fb1-f563322da8f8,David H McCormick,2026-05-28,electronic_html,https://efdsearch.senate.gov/search/view/ptr/5245bd7a-a8b7-4d3e-8fb1-f563322da8f8/,ok_reused,37,,2026-09-10T17:05:26Z
86810b3e-3dee-4e8e-9b47-6d3822385b7d,86810b3e-3dee-4e8e-9b47-6d3822385b7d,Bernie Moreno,2026-05-22,electronic_html,https://efdsearch.senate.gov/search/view/ptr/86810b3e-3dee-4e8e-9b47-6d3822385b7d/,ok_reused,1,,2026-09-10T17:05:26Z
d02263c3-381d-4ee9-8d84-2c44d9baa59e,d02263c3-381d-4ee9-8d84-2c44d9baa59e,RICHARD BLUMENTHAL,2026-05-19,paper_scan,https://efdsearch.senate.gov/search/view/paper/d02263c3-381d-4ee9-8d84-2c44d9baa59e/,paper_deferred,0,Paper filing intentionally deferred to a future project.,2026-09-10T17:05:26Z
98b63289-518f-44d6-b51c-4efc59acde85,98b63289-518f-44d6-b51c-4efc59acde85,John Fetterman,2026-05-15,electronic_html,https://efdsearch.senate.gov/search/view/ptr/98b63289-518f-44d6-b51c-4efc59acde85/,ok_reused,1,,2026-09-10T17:05:26Z
50e54b67-b398-470e-8baf-e09e3be81d86,50e54b67-b398-470e-8baf-e09e3be81d86,John Fetterman,2026-05-15,electronic_html,https://efdsearch.senate.gov/search/view/ptr/50e54b67-b398-470e-8baf-e09e3be81d86/,ok_reused,2,,2026-09-10T17:05:26Z
8292d644-09cf-45f9-8126-cbf54a114745,8292d644-09cf-45f9-8126-cbf54a114745,John Boozman,2026-05-11,electronic_html,https://efdsearch.senate.gov/search/view/ptr/8292d644-09cf-45f9-8126-cbf54a114745/,ok_reused,2,,2026-09-10T17:05:26Z
27f15751-bcec-4e3e-a0ab-d7e843c08d06,27f15751-bcec-4e3e-a0ab-d7e843c08d06,John Boozman,2026-05-11,electronic_html,https://efdsearch.senate.gov/search/view/ptr/27f15751-bcec-4e3e-a0ab-d7e843c08d06/,ok_reused,7,,2026-09-10T17:05:26Z
969f5bc0-89d8-4c76-a55e-944fb03aff0d,969f5bc0-89d8-4c76-a55e-944fb03aff0d,Gary C Peters,2026-05-11,electronic_html,https://efdsearch.senate.gov/search/view/ptr/969f5bc0-89d8-4c76-a55e-944fb03aff0d/,ok_reused,3,,2026-09-10T17:05:26Z
3f315067-5f69-42b3-b32d-063ce735957b,3f315067-5f69-42b3-b32d-063ce735957b,Tina Smith,2026-05-10,electronic_html,https://efdsearch.senate.gov/search/view/ptr/3f315067-5f69-42b3-b32d-063ce735957b/,ok_reused,4,,2026-09-10T17:05:26Z
c99d5ebd-82ce-439c-a678-014946f46c50,c99d5ebd-82ce-439c-a678-014946f46c50,John Boozman,2026-05-08,electronic_html,https://efdsearch.senate.gov/search/view/ptr/c99d5ebd-82ce-439c-a678-014946f46c50/,ok_reused,1,,2026-09-10T17:05:26Z
f148dc2e-d440-4759-be4d-f000c1cd6e89,f148dc2e-d440-4759-be4d-f000c1cd6e89,John Boozman,2026-05-08,electronic_html,https://efdsearch.senate.gov/search/view/ptr/f148dc2e-d440-4759-be4d-f000c1cd6e89/,ok_reused,2,,2026-09-10T17:05:26Z
029f67f3-121a-406c-bddf-a9a7e7d6267b,029f67f3-121a-406c-bddf-a9a7e7d6267b,Shelley M Capito,2026-05-07,electronic_html,https://efdsearch.senate.gov/search/view/ptr/029f67f3-121a-406c-bddf-a9a7e7d6267b/,ok_reused,3,,2026-09-10T17:05:26Z
f34c4d7a-29ba-48fb-beea-d94c1368cc99,f34c4d7a-29ba-48fb-beea-d94c1368cc99,John Fetterman,2026-05-06,electronic_html,https://efdsearch.senate.gov/search/view/ptr/f34c4d7a-29ba-48fb-beea-d94c1368cc99/,ok_reused,3,,2026-09-10T17:05:26Z
374c35de-6615-4f76-85b9-7f8922bdcc37,374c35de-6615-4f76-85b9-7f8922bdcc37,M. Michael Rounds,2026-05-06,electronic_html,https://efdsearch.senate.gov/search/view/ptr/374c35de-6615-4f76-85b9-7f8922bdcc37/,ok_reused,1,,2026-09-10T17:05:26Z
8036348f-2470-41f7-be97-d822d0b17e7c,8036348f-2470-41f7-be97-d822d0b17e7c,John W Hickenlooper,2026-05-05,electronic_html,https://efdsearch.senate.gov/search/view/ptr/8036348f-2470-41f7-be97-d822d0b17e7c/,ok_reused,3,,2026-09-10T17:05:26Z
747b4aac-bbc9-4636-bf0f-95b0454e39d9,747b4aac-bbc9-4636-bf0f-95b0454e39d9,Sheldon Whitehouse,2026-05-04,electronic_html,https://efdsearch.senate.gov/search/view/ptr/747b4aac-bbc9-4636-bf0f-95b0454e39d9/,ok_reused,1,,2026-09-10T17:05:26Z
dcea4793-9402-493b-8c92-ba4d77970c75,dcea4793-9402-493b-8c92-ba4d77970c75,David H McCormick,2026-05-01,electronic_html,https://efdsearch.senate.gov/search/view/ptr/dcea4793-9402-493b-8c92-ba4d77970c75/,ok_reused,10,,2026-09-10T17:05:26Z
680da3d8-5f81-43a3-a658-0493c0070378,680da3d8-5f81-43a3-a658-0493c0070378,James Banks,2026-04-20,electronic_html,https://efdsearch.senate.gov/search/view/ptr/680da3d8-5f81-43a3-a658-0493c0070378/,ok_reused,1,,2026-09-10T17:05:26Z
e9d6ab5f-3a50-49bc-9f00-3ef4655045aa,e9d6ab5f-3a50-49bc-9f00-3ef4655045aa,John Boozman,2026-04-14,electronic_html,https://efdsearch.senate.gov/search/view/ptr/e9d6ab5f-3a50-49bc-9f00-3ef4655045aa/,ok_reused,3,,2026-09-10T17:05:26Z
88c765c5-6550-47af-a81d-2e052c1c1b7e,88c765c5-6550-47af-a81d-2e052c1c1b7e,John Boozman,2026-04-14,electronic_html,https://efdsearch.senate.gov/search/view/ptr/88c765c5-6550-47af-a81d-2e052c1c1b7e/,ok_reused,6,,2026-09-10T17:05:26Z
aa38bdb0-5847-4bec-8e36-80d6ffc90837,aa38bdb0-5847-4bec-8e36-80d6ffc90837,Shelley M Capito,2026-04-12,electronic_html,https://efdsearch.senate.gov/search/view/ptr/aa38bdb0-5847-4bec-8e36-80d6ffc90837/,ok_reused,1,,2026-09-10T17:05:26Z
853d0789-28db-4789-9654-a73cff7740d7,853d0789-28db-4789-9654-a73cff7740d7,Sheldon Whitehouse,2026-04-08,electronic_html,https://efdsearch.senate.gov/search/view/ptr/853d0789-28db-4789-9654-a73cff7740d7/,ok_reused,1,,2026-09-10T17:05:26Z
e5e9e7aa-ffd0-4414-8d2e-1cb7592b9797,e5e9e7aa-ffd0-4414-8d2e-1cb7592b9797,Susan M Collins,2026-04-08,electronic_html,https://efdsearch.senate.gov/search/view/ptr/e5e9e7aa-ffd0-4414-8d2e-1cb7592b9797/,ok_reused,1,,2026-09-10T17:05:26Z
f028d2ce-4ab7-41a8-a67a-91675b6941d7,f028d2ce-4ab7-41a8-a67a-91675b6941d7,RICHARD BLUMENTHAL,2026-04-08,paper_scan,https://efdsearch.senate.gov/search/view/paper/f028d2ce-4ab7-41a8-a67a-91675b6941d7/,paper_deferred,0,Paper filing intentionally deferred to a future project.,2026-09-10T17:05:26Z
ab712d8d-1afd-4f09-b29e-f1b65bba50b8,ab712d8d-1afd-4f09-b29e-f1b65bba50b8,Shelley M Capito,2026-04-04,electronic_html,https://efdsearch.senate.gov/search/view/ptr/ab712d8d-1afd-4f09-b29e-f1b65bba50b8/,ok_reused,5,,2026-09-10T17:05:26Z
8d93e30a-19a8-43a9-93d8-e95d629b1039,8d93e30a-19a8-43a9-93d8-e95d629b1039,John Fetterman,2026-04-03,electronic_html,https://efdsearch.senate.gov/search/view/ptr/8d93e30a-19a8-43a9-93d8-e95d629b1039/,ok_reused,9,,2026-09-10T17:05:26Z
5a00d807-84f1-409b-9cb0-566e59553e38,5a00d807-84f1-409b-9cb0-566e59553e38,Tina Smith,2026-04-02,electronic_html,https://efdsearch.senate.gov/search/view/ptr/5a00d807-84f1-409b-9cb0-566e59553e38/,ok_reused,2,,2026-09-10T17:05:26Z
b7c1a149-760f-4a4e-96a7-e2d689bccd2e,b7c1a149-760f-4a4e-96a7-e2d689bccd2e,David H McCormick,2026-03-28,electronic_html,https://efdsearch.senate.gov/search/view/ptr/b7c1a149-760f-4a4e-96a7-e2d689bccd2e/,ok_reused,2,,2026-09-10T17:05:26Z
1e345459-9cbe-4434-99ed-eaca63641fb3,1e345459-9cbe-4434-99ed-eaca63641fb3,David H McCormick,2026-03-25,electronic_html,https://efdsearch.senate.gov/search/view/ptr/1e345459-9cbe-4434-99ed-eaca63641fb3/,ok_reused,12,,2026-09-10T17:05:26Z
f6e2adb6-d995-4d21-ad04-5325892a0bf9,f6e2adb6-d995-4d21-ad04-5325892a0bf9,Susan M Collins,2026-03-25,electronic_html,https://efdsearch.senate.gov/search/view/ptr/f6e2adb6-d995-4d21-ad04-5325892a0bf9/,ok_reused,1,,2026-09-10T17:05:26Z
09b9c1ed-1d73-4f17-b6f8-7b2d92021c5b,09b9c1ed-1d73-4f17-b6f8-7b2d92021c5b,"Angus S King, Jr.",2026-03-24,electronic_html,https://efdsearch.senate.gov/search/view/ptr/09b9c1ed-1d73-4f17-b6f8-7b2d92021c5b/,ok_reused,9,,2026-09-10T17:05:26Z
8ee57a8c-076d-4e8b-bf04-061edaf0724e,8ee57a8c-076d-4e8b-bf04-061edaf0724e,"A. Mitchell McConnell, Jr.",2026-03-19,electronic_html,https://efdsearch.senate.gov/search/view/ptr/8ee57a8c-076d-4e8b-bf04-061edaf0724e/,ok_reused,1,,2026-09-10T17:05:26Z
d337c392-e0aa-428e-be93-44a327b90d08,d337c392-e0aa-428e-be93-44a327b90d08,RICHARD BLUMENTHAL,2026-03-13,paper_scan,https://efdsearch.senate.gov/search/view/paper/d337c392-e0aa-428e-be93-44a327b90d08/,paper_deferred,0,Paper filing intentionally deferred to a future project.,2026-09-10T17:05:26Z
2b56957f-6859-43e2-a447-898509c7f142,2b56957f-6859-43e2-a447-898509c7f142,John Boozman,2026-03-06,electronic_html,https://efdsearch.senate.gov/search/view/ptr/2b56957f-6859-43e2-a447-898509c7f142/,ok_reused,9,,2026-09-10T17:05:26Z
141ea86c-9411-4d3f-ae9b-ce6e5e8065d1,141ea86c-9411-4d3f-ae9b-ce6e5e8065d1,John Boozman,2026-03-06,electronic_html,https://efdsearch.senate.gov/search/view/ptr/141ea86c-9411-4d3f-ae9b-ce6e5e8065d1/,ok_reused,10,,2026-09-10T17:05:26Z
4ce4bf43-4f25-4cc0-b084-4ab230a1b080,4ce4bf43-4f25-4cc0-b084-4ab230a1b080,Sheldon Whitehouse,2026-03-06,electronic_html,https://efdsearch.senate.gov/search/view/ptr/4ce4bf43-4f25-4cc0-b084-4ab230a1b080/,ok_reused,5,,2026-09-10T17:05:26Z
f7a22ac4-87ea-46e3-9303-c84d8b1ed6e0,f7a22ac4-87ea-46e3-9303-c84d8b1ed6e0,John Fetterman,2026-03-05,electronic_html,https://efdsearch.senate.gov/search/view/ptr/f7a22ac4-87ea-46e3-9303-c84d8b1ed6e0/,ok_reused,3,,2026-09-10T17:05:26Z
a27cbd70-4bc0-4e69-a444-387de64d14f8,a27cbd70-4bc0-4e69-a444-387de64d14f8,David H McCormick,2026-03-04,electronic_html,https://efdsearch.senate.gov/search/view/ptr/a27cbd70-4bc0-4e69-a444-387de64d14f8/,ok_reused,28,,2026-09-10T17:05:26Z
31980453-e298-4f21-9134-5d0b1a0e6491,31980453-e298-4f21-9134-5d0b1a0e6491,John W Hickenlooper,2026-03-04,electronic_html,https://efdsearch.senate.gov/search/view/ptr/31980453-e298-4f21-9134-5d0b1a0e6491/,ok_reused,1,,2026-09-10T17:05:26Z
29828a0d-22e7-4acf-b0e4-2a340947b79e,29828a0d-22e7-4acf-b0e4-2a340947b79e,Shelley M Capito,2026-03-04,electronic_html,https://efdsearch.senate.gov/search/view/ptr/29828a0d-22e7-4acf-b0e4-2a340947b79e/,ok_reused,6,,2026-09-10T17:05:26Z
12848a78-c94a-4813-9051-5b3063c718a9,12848a78-c94a-4813-9051-5b3063c718a9,"William F Hagerty, IV",2026-03-02,electronic_html,https://efdsearch.senate.gov/search/view/ptr/12848a78-c94a-4813-9051-5b3063c718a9/,ok_reused,1,,2026-09-10T17:05:26Z
f3dc67af-1a91-4d58-a98f-f5adec91ecd7,f3dc67af-1a91-4d58-a98f-f5adec91ecd7,"William F Hagerty, IV",2026-02-23,electronic_html,https://efdsearch.senate.gov/search/view/ptr/f3dc67af-1a91-4d58-a98f-f5adec91ecd7/,ok_reused,1,,2026-09-10T17:05:26Z
f977c281-48c1-4de0-af95-6765127f4720,f977c281-48c1-4de0-af95-6765127f4720,David H McCormick,2026-02-22,electronic_html,https://efdsearch.senate.gov/search/view/ptr/f977c281-48c1-4de0-af95-6765127f4720/,ok_reused,13,,2026-09-10T17:05:26Z
bd886067-927f-48a8-9d43-8ab6fa713f98,bd886067-927f-48a8-9d43-8ab6fa713f98,John Boozman,2026-02-15,electronic_html,https://efdsearch.senate.gov/search/view/ptr/bd886067-927f-48a8-9d43-8ab6fa713f98/,ok_reused,14,,2026-09-10T17:05:26Z
135ebfe9-099e-4d58-ba46-f739b90d61da,135ebfe9-099e-4d58-ba46-f739b90d61da,John Boozman,2026-02-15,electronic_html,https://efdsearch.senate.gov/search/view/ptr/135ebfe9-099e-4d58-ba46-f739b90d61da/,ok_reused,23,,2026-09-10T17:05:26Z
ab93dc59-4217-40a6-bee8-ba19deae027a,ab93dc59-4217-40a6-bee8-ba19deae027a,Susan M Collins,2026-02-13,electronic_html,https://efdsearch.senate.gov/search/view/ptr/ab93dc59-4217-40a6-bee8-ba19deae027a/,ok_reused,1,,2026-09-10T17:05:26Z
068274e1-4b7a-4453-a242-563dde4c10d8,068274e1-4b7a-4453-a242-563dde4c10d8,RICHARD BLUMENTHAL,2026-02-12,paper_scan,https://efdsearch.senate.gov/search/view/paper/068274e1-4b7a-4453-a242-563dde4c10d8/,paper_deferred,0,Paper filing intentionally deferred to a future project.,2026-09-10T17:05:26Z
83722654-25b1-499e-8ad5-4a1349d993a6,83722654-25b1-499e-8ad5-4a1349d993a6,John W Hickenlooper,2026-02-06,electronic_html,https://efdsearch.senate.gov/search/view/ptr/83722654-25b1-499e-8ad5-4a1349d993a6/,ok_reused,4,,2026-09-10T17:05:26Z
863cb85f-ff3b-41b2-ac1b-7d82f427c7b4,863cb85f-ff3b-41b2-ac1b-7d82f427c7b4,Shelley M Capito,2026-02-05,electronic_html,https://efdsearch.senate.gov/search/view/ptr/863cb85f-ff3b-41b2-ac1b-7d82f427c7b4/,ok_reused,1,,2026-09-10T17:05:26Z
d8dd8a6c-08c7-4432-8e62-5cd0ee9c4a8e,d8dd8a6c-08c7-4432-8e62-5cd0ee9c4a8e,Sheldon Whitehouse,2026-02-04,electronic_html,https://efdsearch.senate.gov/search/view/ptr/d8dd8a6c-08c7-4432-8e62-5cd0ee9c4a8e/,ok_reused,6,,2026-09-10T17:05:26Z
a8f2bab8-0feb-49cf-b80f-9826cb4a7a4c,a8f2bab8-0feb-49cf-b80f-9826cb4a7a4c,Tina Smith,2026-01-30,electronic_html,https://efdsearch.senate.gov/search/view/ptr/a8f2bab8-0feb-49cf-b80f-9826cb4a7a4c/,ok_reused,2,,2026-09-10T17:05:26Z
37900303-65bf-467d-962b-76555d510b28,37900303-65bf-467d-962b-76555d510b28,Katie Britt,2026-01-29,electronic_html,https://efdsearch.senate.gov/search/view/ptr/37900303-65bf-467d-962b-76555d510b28/,ok_reused,1,,2026-09-10T17:05:26Z
28e79480-3dcb-4793-86ed-48e7fd214587,28e79480-3dcb-4793-86ed-48e7fd214587,Katie Britt,2026-01-26,electronic_html,https://efdsearch.senate.gov/search/view/ptr/28e79480-3dcb-4793-86ed-48e7fd214587/,ok_reused,22,,2026-09-10T17:05:26Z
d7cae837-f73c-4eb1-b9fb-e510f53d65de,d7cae837-f73c-4eb1-b9fb-e510f53d65de,"Angus S King, Jr.",2026-01-26,electronic_html,https://efdsearch.senate.gov/search/view/ptr/d7cae837-f73c-4eb1-b9fb-e510f53d65de/,ok_reused,3,,2026-09-10T17:05:26Z
5dfd6dd1-5c2f-4398-984b-79c88380fc84,5dfd6dd1-5c2f-4398-984b-79c88380fc84,Gary C Peters,2026-01-20,electronic_html,https://efdsearch.senate.gov/search/view/ptr/5dfd6dd1-5c2f-4398-984b-79c88380fc84/,ok_reused,2,,2026-09-10T17:05:26Z
f873aeb4-adbb-4934-a188-79416a2e4c76,f873aeb4-adbb-4934-a188-79416a2e4c76,RICHARD BLUMENTHAL,2026-01-20,paper_scan,https://efdsearch.senate.gov/search/view/paper/f873aeb4-adbb-4934-a188-79416a2e4c76/,paper_deferred,0,Paper filing intentionally deferred to a future project.,2026-09-10T17:05:26Z
5a8fc13a-c5aa-44b1-a72e-a68badbdd5f4,5a8fc13a-c5aa-44b1-a72e-a68badbdd5f4,Mark R Warner,2026-01-16,electronic_html,https://efdsearch.senate.gov/search/view/ptr/5a8fc13a-c5aa-44b1-a72e-a68badbdd5f4/,ok_reused,2,,2026-09-10T17:05:26Z
b2bdf363-af39-43c8-ae93-13ed14aa3752,b2bdf363-af39-43c8-ae93-13ed14aa3752,Thomas H Tuberville,2026-01-15,electronic_html,https://efdsearch.senate.gov/search/view/ptr/b2bdf363-af39-43c8-ae93-13ed14aa3752/,ok_reused,5,,2026-09-10T17:05:26Z
a71d2e2b-337a-4d0f-bf2f-a4c9a0c1f6dc,a71d2e2b-337a-4d0f-bf2f-a4c9a0c1f6dc,"A. Mitchell McConnell, Jr.",2026-01-13,electronic_html,https://efdsearch.senate.gov/search/view/ptr/a71d2e2b-337a-4d0f-bf2f-a4c9a0c1f6dc/,ok_reused,1,,2026-09-10T17:05:26Z
d3daa40b-123d-4451-9974-02bf5a96d8da,d3daa40b-123d-4451-9974-02bf5a96d8da,John Boozman,2026-01-13,electronic_html,https://efdsearch.senate.gov/search/view/ptr/d3daa40b-123d-4451-9974-02bf5a96d8da/,ok_reused,8,,2026-09-10T17:05:26Z
0677bd3f-167e-4cae-8f1d-05eb4340fcdc,0677bd3f-167e-4cae-8f1d-05eb4340fcdc,John Boozman,2026-01-13,electronic_html,https://efdsearch.senate.gov/search/view/ptr/0677bd3f-167e-4cae-8f1d-05eb4340fcdc/,ok_reused,8,,2026-09-10T17:05:26Z
de8efd52-6618-4e4f-bd3d-d3e32cccaa0c,de8efd52-6618-4e4f-bd3d-d3e32cccaa0c,Bernie Moreno,2026-01-09,electronic_html,https://efdsearch.senate.gov/search/view/ptr/de8efd52-6618-4e4f-bd3d-d3e32cccaa0c/,ok_reused,2,,2026-09-10T17:05:26Z
0dbb004e-a36f-4554-986d-d8b1a9a4769a,0dbb004e-a36f-4554-986d-d8b1a9a4769a,Gary C Peters,2026-01-07,electronic_html,https://efdsearch.senate.gov/search/view/ptr/0dbb004e-a36f-4554-986d-d8b1a9a4769a/,ok_reused,2,,2026-09-10T17:05:26Z
abe1d99a-f229-49cd-af07-301511ecf0d1,abe1d99a-f229-49cd-af07-301511ecf0d1,John W Hickenlooper,2026-01-06,electronic_html,https://efdsearch.senate.gov/search/view/ptr/abe1d99a-f229-49cd-af07-301511ecf0d1/,ok_reused,2,,2026-09-10T17:05:26Z
3e408f48-f710-420d-ba46-d2269c689a8a,3e408f48-f710-420d-ba46-d2269c689a8a,John Fetterman,2026-01-06,electronic_html,https://efdsearch.senate.gov/search/view/ptr/3e408f48-f710-420d-ba46-d2269c689a8a/,ok_reused,1,,2026-09-10T17:05:26Z
439c1ac8-2955-486b-9f9c-4f1c6524671a,439c1ac8-2955-486b-9f9c-4f1c6524671a,Shelley M Capito,2026-01-06,electronic_html,https://efdsearch.senate.gov/search/view/ptr/439c1ac8-2955-486b-9f9c-4f1c6524671a/,ok_reused,4,,2026-09-10T17:05:26Z
e337e1b4-ff0a-4b83-8a58-1d25a81ea26f,e337e1b4-ff0a-4b83-8a58-1d25a81ea26f,David H McCormick,2025-12-26,electronic_html,https://efdsearch.senate.gov/search/view/ptr/e337e1b4-ff0a-4b83-8a58-1d25a81ea26f/,ok_reused,10,,2026-09-10T17:05:26Z
13a0fc2a-bbbb-4c1b-b380-d315e198d2a3,13a0fc2a-bbbb-4c1b-b380-d315e198d2a3,RICHARD BLUMENTHAL,2025-12-22,paper_scan,https://efdsearch.senate.gov/search/view/paper/13a0fc2a-bbbb-4c1b-b380-d315e198d2a3/,paper_deferred,0,Paper filing intentionally deferred to a future project.,2026-09-10T17:05:26Z
30986bcb-c94b-406a-8c4c-2927590e1d22,30986bcb-c94b-406a-8c4c-2927590e1d22,"A. Mitchell McConnell, Jr.",2025-12-19,electronic_html,https://efdsearch.senate.gov/search/view/ptr/30986bcb-c94b-406a-8c4c-2927590e1d22/,ok_reused,1,,2026-09-10T17:05:26Z
f18410ed-0a48-4ed1-ace6-a8b90cf88b7f,f18410ed-0a48-4ed1-ace6-a8b90cf88b7f,John Fetterman,2025-12-12,electronic_html,https://efdsearch.senate.gov/search/view/ptr/f18410ed-0a48-4ed1-ace6-a8b90cf88b7f/,ok_reused,1,,2026-09-10T17:05:26Z
16afdd38-c0ec-4e37-bc05-cbd82901b43f,16afdd38-c0ec-4e37-bc05-cbd82901b43f,RICHARD BLUMENTHAL,2025-12-12,paper_scan,https://efdsearch.senate.gov/search/view/paper/16afdd38-c0ec-4e37-bc05-cbd82901b43f/,paper_deferred,0,Paper filing intentionally deferred to a future project.,2026-09-10T17:05:26Z
3a779539-8451-49d2-8419-d3eb72c7922a,3a779539-8451-49d2-8419-d3eb72c7922a,John Boozman,2025-12-08,electronic_html,https://efdsearch.senate.gov/search/view/ptr/3a779539-8451-49d2-8419-d3eb72c7922a/,ok_reused,14,,2026-09-10T17:05:26Z
2c4705cc-0f3e-4105-9093-f82fcec8bacd,2c4705cc-0f3e-4105-9093-f82fcec8bacd,John Boozman,2025-12-08,electronic_html,https://efdsearch.senate.gov/search/view/ptr/2c4705cc-0f3e-4105-9093-f82fcec8bacd/,ok_reused,12,,2026-09-10T17:05:26Z
b9164fd3-7f99-4060-8e86-7ad89350cd03,b9164fd3-7f99-4060-8e86-7ad89350cd03,Gary C Peters,2025-12-04,electronic_html,https://efdsearch.senate.gov/search/view/ptr/b9164fd3-7f99-4060-8e86-7ad89350cd03/,ok_reused,1,,2026-09-10T17:05:26Z
1f88d468-fa98-4064-bc40-05cc6f58b555,1f88d468-fa98-4064-bc40-05cc6f58b555,Shelley M Capito,2025-12-04,electronic_html,https://efdsearch.senate.gov/search/view/ptr/1f88d468-fa98-4064-bc40-05cc6f58b555/,ok_reused,3,,2026-09-10T17:05:26Z
00818cb5-a732-46ec-82f8-38dd6247072a,00818cb5-a732-46ec-82f8-38dd6247072a,Sheldon Whitehouse,2025-12-01,electronic_html,https://efdsearch.senate.gov/search/view/ptr/00818cb5-a732-46ec-82f8-38dd6247072a/,ok_reused,3,,2026-09-10T17:05:26Z
19dc3e18-b10f-465d-8f37-117ab78a8d0b,19dc3e18-b10f-465d-8f37-117ab78a8d0b,RICHARD BLUMENTHAL,2025-12-01,paper_scan,https://efdsearch.senate.gov/search/view/paper/19dc3e18-b10f-465d-8f37-117ab78a8d0b/,paper_deferred,0,Paper filing intentionally deferred to a future project.,2026-09-10T17:05:26Z
5d118fc0-14f4-426a-8d38-05056392b4d8,5d118fc0-14f4-426a-8d38-05056392b4d8,David H McCormick,2025-11-27,electronic_html,https://efdsearch.senate.gov/search/view/ptr/5d118fc0-14f4-426a-8d38-05056392b4d8/,ok_reused,16,,2026-09-10T17:05:26Z
82093483-e915-4a5d-bb4b-e40431d79f99,82093483-e915-4a5d-bb4b-e40431d79f99,Tina Smith,2025-11-26,electronic_html,https://efdsearch.senate.gov/search/view/ptr/82093483-e915-4a5d-bb4b-e40431d79f99/,ok_reused,1,,2026-09-10T17:05:26Z
18a1aea6-282e-4152-b3dd-d773e0302c7e,18a1aea6-282e-4152-b3dd-d773e0302c7e,Gary C Peters,2025-11-24,electronic_html,https://efdsearch.senate.gov/search/view/ptr/18a1aea6-282e-4152-b3dd-d773e0302c7e/,ok_reused,1,,2026-09-10T17:05:26Z
e63995b3-352b-4cf8-ac61-ae05cfa7553b,e63995b3-352b-4cf8-ac61-ae05cfa7553b,RICHARD BLUMENTHAL,2025-11-17,paper_scan,https://efdsearch.senate.gov/search/view/paper/e63995b3-352b-4cf8-ac61-ae05cfa7553b/,paper_deferred,0,Paper filing intentionally deferred to a future project.,2026-09-10T17:05:26Z
c20df8d3-0160-4a0c-a515-a7b1d2956f87,c20df8d3-0160-4a0c-a515-a7b1d2956f87,Thomas H Tuberville,2025-11-15,electronic_html,https://efdsearch.senate.gov/search/view/ptr/c20df8d3-0160-4a0c-a515-a7b1d2956f87/,ok_reused,7,,2026-09-10T17:05:26Z
6be39035-04e2-432c-8fcb-0b4866041d11,6be39035-04e2-432c-8fcb-0b4866041d11,John Boozman,2025-11-15,electronic_html,https://efdsearch.senate.gov/search/view/ptr/6be39035-04e2-432c-8fcb-0b4866041d11/,ok_reused,8,,2026-09-10T17:05:26Z
97a4172e-e2d9-4dea-9014-d8aa2134d628,97a4172e-e2d9-4dea-9014-d8aa2134d628,John Boozman,2025-11-15,electronic_html,https://efdsearch.senate.gov/search/view/ptr/97a4172e-e2d9-4dea-9014-d8aa2134d628/,ok_reused,4,,2026-09-10T17:05:26Z
4290febc-6042-4538-a193-08a9f941647c,4290febc-6042-4538-a193-08a9f941647c,Rafael E Cruz,2025-11-12,electronic_html,https://efdsearch.senate.gov/search/view/ptr/4290febc-6042-4538-a193-08a9f941647c/,ok_reused,1,,2026-09-10T17:05:26Z
b930d1b3-c58c-4b98-b28f-fc95c4a03bba,b930d1b3-c58c-4b98-b28f-fc95c4a03bba,David H McCormick,2025-11-07,electronic_html,https://efdsearch.senate.gov/search/view/ptr/b930d1b3-c58c-4b98-b28f-fc95c4a03bba/,ok_reused,12,,2026-09-10T17:05:26Z
defd46d8-f9db-46d6-96f9-77bebce203b6,defd46d8-f9db-46d6-96f9-77bebce203b6,Shelley M Capito,2025-11-04,electronic_html,https://efdsearch.senate.gov/search/view/ptr/defd46d8-f9db-46d6-96f9-77bebce203b6/,ok_reused,10,,2026-09-10T17:05:26Z
51a44263-fbff-415d-81fb-abf32d197db9,51a44263-fbff-415d-81fb-abf32d197db9,Sheldon Whitehouse,2025-11-03,electronic_html,https://efdsearch.senate.gov/search/view/ptr/51a44263-fbff-415d-81fb-abf32d197db9/,ok_reused,2,,2026-09-10T17:05:26Z
42ed7699-61fc-4a73-813d-4ae47af91e61,42ed7699-61fc-4a73-813d-4ae47af91e61,Bernie Moreno,2025-11-03,electronic_html,https://efdsearch.senate.gov/search/view/ptr/42ed7699-61fc-4a73-813d-4ae47af91e61/,ok_reused,2,,2026-09-10T17:05:26Z
c6456d94-2e65-4740-87e8-15f307c7e596,c6456d94-2e65-4740-87e8-15f307c7e596,Rick Scott,2025-10-30,electronic_html,https://efdsearch.senate.gov/search/view/ptr/c6456d94-2e65-4740-87e8-15f307c7e596/,ok_reused,1,,2026-09-10T17:05:26Z
b83b6502-520b-4403-9777-60f6c2d93bc1,b83b6502-520b-4403-9777-60f6c2d93bc1,"Jerry Moran,",2025-10-27,electronic_html,https://efdsearch.senate.gov/search/view/ptr/b83b6502-520b-4403-9777-60f6c2d93bc1/,ok_reused,3,,2026-09-10T17:05:26Z
4728c5fd-8bbd-43f7-a028-d17cfb8008dc,4728c5fd-8bbd-43f7-a028-d17cfb8008dc,RICHARD BLUMENTHAL,2025-10-24,paper_scan,https://efdsearch.senate.gov/search/view/paper/4728c5fd-8bbd-43f7-a028-d17cfb8008dc/,paper_deferred,0,Paper filing intentionally deferred to a future project.,2026-09-10T17:05:26Z
f29e80d0-cff1-4a0b-a856-635fb71b816a,f29e80d0-cff1-4a0b-a856-635fb71b816a,Susan M Collins,2025-10-11,electronic_html,https://efdsearch.senate.gov/search/view/ptr/f29e80d0-cff1-4a0b-a856-635fb71b816a/,ok_reused,1,,2026-09-10T17:05:26Z
70ec8a67-0057-40d2-b123-524323ae3c34,70ec8a67-0057-40d2-b123-524323ae3c34,David H McCormick,2025-10-10,electronic_html,https://efdsearch.senate.gov/search/view/ptr/70ec8a67-0057-40d2-b123-524323ae3c34/,ok_reused,3,,2026-09-10T17:05:26Z
8ee74188-75a9-4289-b6bd-5ccb94fd6b18,8ee74188-75a9-4289-b6bd-5ccb94fd6b18,"James Conley Justice, II",2025-10-10,electronic_html,https://efdsearch.senate.gov/search/view/ptr/8ee74188-75a9-4289-b6bd-5ccb94fd6b18/,ok_reused,1,,2026-09-10T17:05:26Z
f87f8a40-efa5-43df-ad71-56327f5a18ce,f87f8a40-efa5-43df-ad71-56327f5a18ce,John Boozman,2025-10-10,electronic_html,https://efdsearch.senate.gov/search/view/ptr/f87f8a40-efa5-43df-ad71-56327f5a18ce/,ok_reused,9,,2026-09-10T17:05:26Z
c8fa5a56-c0db-4cf4-8370-c81d858f9ca9,c8fa5a56-c0db-4cf4-8370-c81d858f9ca9,John Boozman,2025-10-10,electronic_html,https://efdsearch.senate.gov/search/view/ptr/c8fa5a56-c0db-4cf4-8370-c81d858f9ca9/,ok_reused,7,,2026-09-10T17:05:26Z
638bfeba-3c29-426a-94f5-a962bf58ee8a,638bfeba-3c29-426a-94f5-a962bf58ee8a,John Fetterman,2025-10-07,electronic_html,https://efdsearch.senate.gov/search/view/ptr/638bfeba-3c29-426a-94f5-a962bf58ee8a/,ok_reused,3,,2026-09-10T17:05:26Z
8a808088-5410-434a-a082-cf86637ba3d7,8a808088-5410-434a-a082-cf86637ba3d7,John W Hickenlooper,2025-10-06,electronic_html,https://efdsearch.senate.gov/search/view/ptr/8a808088-5410-434a-a082-cf86637ba3d7/,ok_reused,3,,2026-09-10T17:05:26Z
8bf1954e-5a3d-4258-a57d-cdc73c0ff1f4,8bf1954e-5a3d-4258-a57d-cdc73c0ff1f4,Shelley M Capito,2025-10-05,electronic_html,https://efdsearch.senate.gov/search/view/ptr/8bf1954e-5a3d-4258-a57d-cdc73c0ff1f4/,ok_reused,2,,2026-09-10T17:05:26Z
12bfb6c8-5dbf-4f2a-994b-c936a0a0a91d,12bfb6c8-5dbf-4f2a-994b-c936a0a0a91d,Sheldon Whitehouse,2025-10-03,electronic_html,https://efdsearch.senate.gov/search/view/ptr/12bfb6c8-5dbf-4f2a-994b-c936a0a0a91d/,ok_reused,8,,2026-09-10T17:05:26Z
f8c167e9-090d-471d-81c9-f8c7366420d1,f8c167e9-090d-471d-81c9-f8c7366420d1,RICHARD BLUMENTHAL,2025-10-02,paper_scan,https://efdsearch.senate.gov/search/view/paper/f8c167e9-090d-471d-81c9-f8c7366420d1/,paper_deferred,0,Paper filing intentionally deferred to a future project.,2026-09-10T17:05:26Z
e8371653-d5d0-4150-abca-15cb5e6f1b2c,e8371653-d5d0-4150-abca-15cb5e6f1b2c,Adam B Schiff,2025-09-30,electronic_html,https://efdsearch.senate.gov/search/view/ptr/e8371653-d5d0-4150-abca-15cb5e6f1b2c/,ok_reused,1,,2026-09-10T17:05:26Z
387cefb6-11f7-4871-89ef-5bad61124584,387cefb6-11f7-4871-89ef-5bad61124584,RICHARD BLUMENTHAL,2025-09-24,paper_scan,https://efdsearch.senate.gov/search/view/paper/387cefb6-11f7-4871-89ef-5bad61124584/,paper_deferred,0,Paper filing intentionally deferred to a future project.,2026-09-10T17:05:26Z
7b7c3053-b221-4d35-8538-a25c751f302c,7b7c3053-b221-4d35-8538-a25c751f302c,Rick Scott,2025-09-18,electronic_html,https://efdsearch.senate.gov/search/view/ptr/7b7c3053-b221-4d35-8538-a25c751f302c/,ok_reused,3,,2026-09-10T17:05:26Z
c104f1ee-c957-4485-9807-e4798463c3b9,c104f1ee-c957-4485-9807-e4798463c3b9,John Boozman,2025-09-12,electronic_html,https://efdsearch.senate.gov/search/view/ptr/c104f1ee-c957-4485-9807-e4798463c3b9/,ok_reused,17,,2026-09-10T17:05:26Z
59bccfcc-9400-4d3d-917f-ce22a0fd2feb,59bccfcc-9400-4d3d-917f-ce22a0fd2feb,John Boozman,2025-09-12,electronic_html,https://efdsearch.senate.gov/search/view/ptr/59bccfcc-9400-4d3d-917f-ce22a0fd2feb/,ok_reused,21,,2026-09-10T17:05:26Z
bf5feb82-a589-4318-a3ba-5905269d580a,bf5feb82-a589-4318-a3ba-5905269d580a,"A. Mitchell McConnell, Jr.",2025-09-12,electronic_html,https://efdsearch.senate.gov/search/view/ptr/bf5feb82-a589-4318-a3ba-5905269d580a/,ok_reused,1,,2026-09-10T17:05:26Z
e08ef39c-87e8-4381-9f92-41218ecc7cd4,e08ef39c-87e8-4381-9f92-41218ecc7cd4,RICHARD BLUMENTHAL,2025-09-12,paper_scan,https://efdsearch.senate.gov/search/view/paper/e08ef39c-87e8-4381-9f92-41218ecc7cd4/,paper_deferred,0,Paper filing intentionally deferred to a future project.,2026-09-10T17:05:26Z
d55832ea-b5e3-4e39-8587-5005dc48f3d6,d55832ea-b5e3-4e39-8587-5005dc48f3d6,John Fetterman,2025-09-04,electronic_html,https://efdsearch.senate.gov/search/view/ptr/d55832ea-b5e3-4e39-8587-5005dc48f3d6/,ok_reused,3,,2026-09-10T17:05:26Z
59112b4e-976a-4c7a-92e5-112ab45d2bf8,59112b4e-976a-4c7a-92e5-112ab45d2bf8,Sheldon Whitehouse,2025-09-03,electronic_html,https://efdsearch.senate.gov/search/view/ptr/59112b4e-976a-4c7a-92e5-112ab45d2bf8/,ok_reused,4,,2026-09-10T17:05:26Z
0132a900-988f-466c-919d-73dfb4238889,0132a900-988f-466c-919d-73dfb4238889,Shelley M Capito,2025-09-03,electronic_html,https://efdsearch.senate.gov/search/view/ptr/0132a900-988f-466c-919d-73dfb4238889/,ok_reused,3,,2026-09-10T17:05:26Z
fc29dd5c-8fd0-4525-9aae-8f1e41c9337b,fc29dd5c-8fd0-4525-9aae-8f1e41c9337b,David H McCormick,2025-09-01,electronic_html,https://efdsearch.senate.gov/search/view/ptr/fc29dd5c-8fd0-4525-9aae-8f1e41c9337b/,ok_reused,7,,2026-09-10T17:05:26Z
05ec5023-a80c-47ce-8f1c-02494ac41ba3,05ec5023-a80c-47ce-8f1c-02494ac41ba3,RICHARD BLUMENTHAL,2025-08-25,paper_scan,https://efdsearch.senate.gov/search/view/paper/05ec5023-a80c-47ce-8f1c-02494ac41ba3/,paper_deferred,0,Paper filing intentionally deferred to a future project.,2026-09-10T17:05:26Z
218c16a3-d408-4cc0-aa89-08730d05dfc3,218c16a3-d408-4cc0-aa89-08730d05dfc3,"Angus S King, Jr.",2025-08-18,electronic_html,https://efdsearch.senate.gov/search/view/ptr/218c16a3-d408-4cc0-aa89-08730d05dfc3/,ok_reused,25,,2026-09-10T17:05:26Z
1d6d6efd-3e8b-4702-b437-20dd08c9bce0,1d6d6efd-3e8b-4702-b437-20dd08c9bce0,Rick Scott,2025-08-13,electronic_html,https://efdsearch.senate.gov/search/view/ptr/1d6d6efd-3e8b-4702-b437-20dd08c9bce0/,ok_reused,9,,2026-09-10T17:05:26Z
85199603-1615-424e-ba12-801a5d8dd0f4,85199603-1615-424e-ba12-801a5d8dd0f4,Rick Scott,2025-08-13,electronic_html,https://efdsearch.senate.gov/search/view/ptr/85199603-1615-424e-ba12-801a5d8dd0f4/,ok_reused,5,,2026-09-10T17:05:26Z
03e0a1db-2fe8-409f-ae3e-61ab61e14cae,03e0a1db-2fe8-409f-ae3e-61ab61e14cae,Rick Scott,2025-08-13,electronic_html,https://efdsearch.senate.gov/search/view/ptr/03e0a1db-2fe8-409f-ae3e-61ab61e14cae/,ok_reused,13,,2026-09-10T17:05:26Z
f1058108-7055-4891-9a74-98eb4b670d65,f1058108-7055-4891-9a74-98eb4b670d65,Rick Scott,2025-08-13,electronic_html,https://efdsearch.senate.gov/search/view/ptr/f1058108-7055-4891-9a74-98eb4b670d65/,ok_reused,17,,2026-09-10T17:05:26Z
83d12cdb-288d-4937-91d3-31bbabbd3edb,83d12cdb-288d-4937-91d3-31bbabbd3edb,Rick Scott,2025-08-13,electronic_html,https://efdsearch.senate.gov/search/view/ptr/83d12cdb-288d-4937-91d3-31bbabbd3edb/,ok_reused,1,,2026-09-10T17:05:26Z
000e724b-fb9a-4922-9011-ca8925a047f3,000e724b-fb9a-4922-9011-ca8925a047f3,John R Curtis,2025-08-13,electronic_html,https://efdsearch.senate.gov/search/view/ptr/000e724b-fb9a-4922-9011-ca8925a047f3/,ok_reused,3,,2026-09-10T17:05:26Z
85d70f0a-406a-40e1-80bb-bd9fbdf4d360,85d70f0a-406a-40e1-80bb-bd9fbdf4d360,RICHARD BLUMENTHAL,2025-08-13,paper_scan,https://efdsearch.senate.gov/search/view/paper/85d70f0a-406a-40e1-80bb-bd9fbdf4d360/,paper_deferred,0,Paper filing intentionally deferred to a future project.,2026-09-10T17:05:26Z
09694768-3b1e-4af0-8b46-8521c00cbd96,09694768-3b1e-4af0-8b46-8521c00cbd96,RICHARD BLUMENTHAL,2025-08-13,paper_scan,https://efdsearch.senate.gov/search/view/paper/09694768-3b1e-4af0-8b46-8521c00cbd96/,paper_deferred,0,Paper filing intentionally deferred to a future project.,2026-09-10T17:05:26Z
f60cfac8-0389-4a5e-8619-095312492adc,f60cfac8-0389-4a5e-8619-095312492adc,"William F Hagerty, IV",2025-08-11,electronic_html,https://efdsearch.senate.gov/search/view/ptr/f60cfac8-0389-4a5e-8619-095312492adc/,ok_reused,1,,2026-09-10T17:05:26Z
743c6542-9aec-48ae-8fa6-62645757bc8f,743c6542-9aec-48ae-8fa6-62645757bc8f,James Banks,2025-08-10,electronic_html,https://efdsearch.senate.gov/search/view/ptr/743c6542-9aec-48ae-8fa6-62645757bc8f/,ok_reused,1,,2026-09-10T17:05:26Z
331e9f42-09c3-4edc-b923-a1566486262c,331e9f42-09c3-4edc-b923-a1566486262c,John Boozman,2025-08-06,electronic_html,https://efdsearch.senate.gov/search/view/ptr/331e9f42-09c3-4edc-b923-a1566486262c/,ok_reused,5,,2026-09-10T17:05:26Z
796ac37b-f491-4311-b8aa-fe2c233f2487,796ac37b-f491-4311-b8aa-fe2c233f2487,John Boozman,2025-08-06,electronic_html,https://efdsearch.senate.gov/search/view/ptr/796ac37b-f491-4311-b8aa-fe2c233f2487/,ok_reused,4,,2026-09-10T17:05:26Z
bb3ca8de-099e-4df2-a950-f64afdb5dc73,bb3ca8de-099e-4df2-a950-f64afdb5dc73,Sheldon Whitehouse,2025-08-04,electronic_html,https://efdsearch.senate.gov/search/view/ptr/bb3ca8de-099e-4df2-a950-f64afdb5dc73/,ok_reused,2,,2026-09-10T17:05:26Z
1e086831-c7e8-43cd-a11d-dd366a27f400,1e086831-c7e8-43cd-a11d-dd366a27f400,Shelley M Capito,2025-08-04,electronic_html,https://efdsearch.senate.gov/search/view/ptr/1e086831-c7e8-43cd-a11d-dd366a27f400/,ok_reused,13,,2026-09-10T17:05:26Z
0bf421b2-cf4e-40d8-9c9f-98ba5e535c6c,0bf421b2-cf4e-40d8-9c9f-98ba5e535c6c,David H McCormick,2025-08-01,electronic_html,https://efdsearch.senate.gov/search/view/ptr/0bf421b2-cf4e-40d8-9c9f-98ba5e535c6c/,ok_reused,13,,2026-09-10T17:05:26Z
db518e1a-cc0c-4d04-95c9-f22f1c1a1e36,db518e1a-cc0c-4d04-95c9-f22f1c1a1e36,RICHARD BLUMENTHAL,2025-07-18,paper_scan,https://efdsearch.senate.gov/search/view/paper/db518e1a-cc0c-4d04-95c9-f22f1c1a1e36/,paper_deferred,0,Paper filing intentionally deferred to a future project.,2026-09-10T17:05:26Z
d899796b-3221-4c1c-a28a-265fe99303c3,d899796b-3221-4c1c-a28a-265fe99303c3,John Fetterman,2025-07-15,electronic_html,https://efdsearch.senate.gov/search/view/ptr/d899796b-3221-4c1c-a28a-265fe99303c3/,ok_reused,2,,2026-09-10T17:05:26Z
4b5c15fa-74ca-4e12-a0c4-3dd9ef5124b7,4b5c15fa-74ca-4e12-a0c4-3dd9ef5124b7,John Boozman,2025-07-09,electronic_html,https://efdsearch.senate.gov/search/view/ptr/4b5c15fa-74ca-4e12-a0c4-3dd9ef5124b7/,ok_reused,10,,2026-09-10T17:05:26Z
9e9e74e9-25bf-45a6-9d79-5f33173e055e,9e9e74e9-25bf-45a6-9d79-5f33173e055e,John Boozman,2025-07-09,electronic_html,https://efdsearch.senate.gov/search/view/ptr/9e9e74e9-25bf-45a6-9d79-5f33173e055e/,ok_reused,2,,2026-09-10T17:05:26Z
d32a2469-2157-4352-886c-cc992fd13d2f,d32a2469-2157-4352-886c-cc992fd13d2f,John Boozman,2025-07-09,electronic_html,https://efdsearch.senate.gov/search/view/ptr/d32a2469-2157-4352-886c-cc992fd13d2f/,ok_reused,2,,2026-09-10T17:05:26Z
8bbbda05-9155-43c0-a273-352b87c5273f,8bbbda05-9155-43c0-a273-352b87c5273f,John W Hickenlooper,2025-07-07,electronic_html,https://efdsearch.senate.gov/search/view/ptr/8bbbda05-9155-43c0-a273-352b87c5273f/,ok_reused,1,,2026-09-10T17:05:26Z
321917b2-65f8-4370-9dc8-bf462aab5a9b,321917b2-65f8-4370-9dc8-bf462aab5a9b,"A. Mitchell McConnell, Jr.",2025-07-07,electronic_html,https://efdsearch.senate.gov/search/view/ptr/321917b2-65f8-4370-9dc8-bf462aab5a9b/,ok_reused,1,,2026-09-10T17:05:26Z
119cb6b4-75e0-4955-9a84-21e7a2612695,119cb6b4-75e0-4955-9a84-21e7a2612695,Shelley M Capito,2025-07-04,electronic_html,https://efdsearch.senate.gov/search/view/ptr/119cb6b4-75e0-4955-9a84-21e7a2612695/,ok_reused,6,,2026-09-10T17:05:26Z
69b40e20-ff5a-45cd-92cb-a24035f53f33,69b40e20-ff5a-45cd-92cb-a24035f53f33,RICHARD BLUMENTHAL,2025-07-03,paper_scan,https://efdsearch.senate.gov/search/view/paper/69b40e20-ff5a-45cd-92cb-a24035f53f33/,paper_deferred,0,Paper filing intentionally deferred to a future project.,2026-09-10T17:05:26Z
fe7c39b7-a8ee-4011-b0f6-ab3a320546a0,fe7c39b7-a8ee-4011-b0f6-ab3a320546a0,Ron L Wyden,2025-07-02,electronic_html,https://efdsearch.senate.gov/search/view/ptr/fe7c39b7-a8ee-4011-b0f6-ab3a320546a0/,ok_reused,1,,2026-09-10T17:05:26Z
9be0bf66-ca8a-4082-94f6-d51e1b56435d,9be0bf66-ca8a-4082-94f6-d51e1b56435d,David H McCormick,2025-07-02,electronic_html,https://efdsearch.senate.gov/search/view/ptr/9be0bf66-ca8a-4082-94f6-d51e1b56435d/,ok_reused,11,,2026-09-10T17:05:26Z
c07a01ce-c10e-4a5a-8ee9-ec9e1f366153,c07a01ce-c10e-4a5a-8ee9-ec9e1f366153,Rick Scott,2025-07-01,electronic_html,https://efdsearch.senate.gov/search/view/ptr/c07a01ce-c10e-4a5a-8ee9-ec9e1f366153/,ok_reused,3,,2026-09-10T17:05:26Z
9d380e2e-86d9-4378-a156-353054bb5833,9d380e2e-86d9-4378-a156-353054bb5833,James Banks,2025-06-26,electronic_html,https://efdsearch.senate.gov/search/view/ptr/9d380e2e-86d9-4378-a156-353054bb5833/,ok_reused,1,,2026-09-10T17:05:26Z
95c54ecf-69b7-47d2-8cc9-e68dac2db254,95c54ecf-69b7-47d2-8cc9-e68dac2db254,RICHARD BLUMENTHAL,2025-06-20,paper_scan,https://efdsearch.senate.gov/search/view/paper/95c54ecf-69b7-47d2-8cc9-e68dac2db254/,paper_deferred,0,Paper filing intentionally deferred to a future project.,2026-09-10T17:05:26Z
d1af8002-3bf0-4188-aca4-87007c729893,d1af8002-3bf0-4188-aca4-87007c729893,"A. Mitchell McConnell, Jr.",2025-06-19,electronic_html,https://efdsearch.senate.gov/search/view/ptr/d1af8002-3bf0-4188-aca4-87007c729893/,ok_reused,1,,2026-09-10T17:05:26Z
56ecce5e-12a2-43db-916c-52cd3ba3a375,56ecce5e-12a2-43db-916c-52cd3ba3a375,"Jerry Moran,",2025-06-18,electronic_html,https://efdsearch.senate.gov/search/view/ptr/56ecce5e-12a2-43db-916c-52cd3ba3a375/,ok_reused,4,,2026-09-10T17:05:26Z
7f1f888e-f759-4c18-8fbe-baf8f3488374,7f1f888e-f759-4c18-8fbe-baf8f3488374,John Boozman,2025-06-14,electronic_html,https://efdsearch.senate.gov/search/view/ptr/7f1f888e-f759-4c18-8fbe-baf8f3488374/,ok_reused,7,,2026-09-10T17:05:26Z
db2a4c73-e714-4ad0-9548-b1b83f1d0773,db2a4c73-e714-4ad0-9548-b1b83f1d0773,John Boozman,2025-06-14,electronic_html,https://efdsearch.senate.gov/search/view/ptr/db2a4c73-e714-4ad0-9548-b1b83f1d0773/,ok_reused,10,,2026-09-10T17:05:26Z
382eb074-7a02-42de-ac55-12372a6be649,382eb074-7a02-42de-ac55-12372a6be649,Shelley M Capito,2025-06-13,electronic_html,https://efdsearch.senate.gov/search/view/ptr/382eb074-7a02-42de-ac55-12372a6be649/,ok_reused,1,,2026-09-10T17:05:26Z
36d82d69-0816-44bb-9d4d-5ce3cb68872b,36d82d69-0816-44bb-9d4d-5ce3cb68872b,John W Hickenlooper,2025-06-13,electronic_html,https://efdsearch.senate.gov/search/view/ptr/36d82d69-0816-44bb-9d4d-5ce3cb68872b/,ok_reused,1,,2026-09-10T17:05:26Z
bb28c116-64b8-4088-a93d-8ba9965930ae,bb28c116-64b8-4088-a93d-8ba9965930ae,John Fetterman,2025-06-09,electronic_html,https://efdsearch.senate.gov/search/view/ptr/bb28c116-64b8-4088-a93d-8ba9965930ae/,ok_reused,2,,2026-09-10T17:05:26Z
51edfa22-1827-41ce-8ba4-511b8ce62af4,51edfa22-1827-41ce-8ba4-511b8ce62af4,David H McCormick,2025-06-04,electronic_html,https://efdsearch.senate.gov/search/view/ptr/51edfa22-1827-41ce-8ba4-511b8ce62af4/,ok_reused,14,,2026-09-10T17:05:26Z
b2cccee8-9ee6-4059-913b-ad68b28b6afb,b2cccee8-9ee6-4059-913b-ad68b28b6afb,Jon A Husted,2025-06-03,electronic_html,https://efdsearch.senate.gov/search/view/ptr/b2cccee8-9ee6-4059-913b-ad68b28b6afb/,ok_reused,1,,2026-09-10T17:05:26Z
a3722489-195c-4554-8ad0-d32981aa2f61,a3722489-195c-4554-8ad0-d32981aa2f61,RICHARD BLUMENTHAL,2025-05-28,paper_scan,https://efdsearch.senate.gov/search/view/paper/a3722489-195c-4554-8ad0-d32981aa2f61/,paper_deferred,0,Paper filing intentionally deferred to a future project.,2026-09-10T17:05:26Z
f4eeafe8-a4a5-4d85-bf3b-04ad0b4aca18,f4eeafe8-a4a5-4d85-bf3b-04ad0b4aca18,John W Hickenlooper,2025-05-26,electronic_html,https://efdsearch.senate.gov/search/view/ptr/f4eeafe8-a4a5-4d85-bf3b-04ad0b4aca18/,ok_reused,8,,2026-09-10T17:05:26Z
92a96483-fc17-4654-93e4-19bc866a9218,92a96483-fc17-4654-93e4-19bc866a9218,John Fetterman,2025-05-15,electronic_html,https://efdsearch.senate.gov/search/view/ptr/92a96483-fc17-4654-93e4-19bc866a9218/,ok_reused,4,,2026-09-10T17:05:26Z
0ce898d6-4a82-4d78-a5b8-74df5b307720,0ce898d6-4a82-4d78-a5b8-74df5b307720,John W Hickenlooper,2025-05-15,electronic_html,https://efdsearch.senate.gov/search/view/ptr/0ce898d6-4a82-4d78-a5b8-74df5b307720/,ok_reused,1,,2026-09-10T17:05:26Z
63e4a2b1-5bfc-43b6-b952-ba54e377212c,63e4a2b1-5bfc-43b6-b952-ba54e377212c,Thomas H Tuberville,2025-05-15,electronic_html,https://efdsearch.senate.gov/search/view/ptr/63e4a2b1-5bfc-43b6-b952-ba54e377212c/,ok_reused,16,,2026-09-10T17:05:26Z
52c9fa8c-a4fa-4f74-9013-0e1076574cfa,52c9fa8c-a4fa-4f74-9013-0e1076574cfa,John Boozman,2025-05-14,electronic_html,https://efdsearch.senate.gov/search/view/ptr/52c9fa8c-a4fa-4f74-9013-0e1076574cfa/,ok_reused,8,,2026-09-10T17:05:26Z
59691760-24e4-47a9-bc8d-9888bce9660b,59691760-24e4-47a9-bc8d-9888bce9660b,John Boozman,2025-05-14,electronic_html,https://efdsearch.senate.gov/search/view/ptr/59691760-24e4-47a9-bc8d-9888bce9660b/,ok_reused,9,,2026-09-10T17:05:26Z
bc4381fc-d714-45da-be6f-1fa87f2212ba,bc4381fc-d714-45da-be6f-1fa87f2212ba,Ashley Moody,2025-05-13,electronic_html,https://efdsearch.senate.gov/search/view/ptr/bc4381fc-d714-45da-be6f-1fa87f2212ba/,ok_reused,4,,2026-09-10T17:05:26Z
3d05b76c-8d7a-4ff0-8d76-b66e8770018d,3d05b76c-8d7a-4ff0-8d76-b66e8770018d,Sheldon Whitehouse,2025-05-13,electronic_html,https://efdsearch.senate.gov/search/view/ptr/3d05b76c-8d7a-4ff0-8d76-b66e8770018d/,ok_reused,7,,2026-09-10T17:05:26Z
94863fb5-21cc-4585-a124-c0ea92ef5f1b,94863fb5-21cc-4585-a124-c0ea92ef5f1b,John N Kennedy,2025-05-08,electronic_html,https://efdsearch.senate.gov/search/view/ptr/94863fb5-21cc-4585-a124-c0ea92ef5f1b/,ok_reused,1,,2026-09-10T17:05:26Z
177da1cd-00da-40c7-b244-5dab13d3fc50,177da1cd-00da-40c7-b244-5dab13d3fc50,Shelley M Capito,2025-05-07,electronic_html,https://efdsearch.senate.gov/search/view/ptr/177da1cd-00da-40c7-b244-5dab13d3fc50/,ok_reused,3,,2026-09-10T17:05:26Z
d5562ad3-9789-426c-9ba9-a056e09d62c1,d5562ad3-9789-426c-9ba9-a056e09d62c1,RICHARD BLUMENTHAL,2025-05-06,paper_scan,https://efdsearch.senate.gov/search/view/paper/d5562ad3-9789-426c-9ba9-a056e09d62c1/,paper_deferred,0,Paper filing intentionally deferred to a future project.,2026-09-10T17:05:26Z
05a652a7-5402-47c6-85ad-04c1c978815b,05a652a7-5402-47c6-85ad-04c1c978815b,David H McCormick,2025-04-30,electronic_html,https://efdsearch.senate.gov/search/view/ptr/05a652a7-5402-47c6-85ad-04c1c978815b/,ok_reused,27,,2026-09-10T17:05:26Z
2bc0e244-3dad-4723-a878-c62957b5d63a,2bc0e244-3dad-4723-a878-c62957b5d63a,Bernie Moreno,2025-04-30,electronic_html,https://efdsearch.senate.gov/search/view/ptr/2bc0e244-3dad-4723-a878-c62957b5d63a/,ok_reused,1,,2026-09-10T17:05:26Z
ab543971-f3d5-447f-8dcf-ebe81ee1b908,ab543971-f3d5-447f-8dcf-ebe81ee1b908,Cynthia M Lummis,2025-04-25,electronic_html,https://efdsearch.senate.gov/search/view/ptr/ab543971-f3d5-447f-8dcf-ebe81ee1b908/,ok_reused,3,,2026-09-10T17:05:26Z
4481aa87-75c5-4c72-a204-431b74c56c4e,4481aa87-75c5-4c72-a204-431b74c56c4e,Bernie Moreno,2025-04-24,electronic_html,https://efdsearch.senate.gov/search/view/ptr/4481aa87-75c5-4c72-a204-431b74c56c4e/,ok_reused,1,,2026-09-10T17:05:26Z
c2d4f369-8305-4360-a7dc-b6ce3fd136eb,c2d4f369-8305-4360-a7dc-b6ce3fd136eb,David H McCormick,2025-04-23,electronic_html,https://efdsearch.senate.gov/search/view/ptr/c2d4f369-8305-4360-a7dc-b6ce3fd136eb/,ok_reused,5,,2026-09-10T17:05:26Z
7ad9acc6-7b6d-4bc3-b753-e2ad4af8278d,7ad9acc6-7b6d-4bc3-b753-e2ad4af8278d,John W Hickenlooper,2025-04-21,electronic_html,https://efdsearch.senate.gov/search/view/ptr/7ad9acc6-7b6d-4bc3-b753-e2ad4af8278d/,ok_reused,1,,2026-09-10T17:05:26Z
fb482df2-16d2-4401-911b-7a68166c2c6e,fb482df2-16d2-4401-911b-7a68166c2c6e,John Boozman,2025-04-20,electronic_html,https://efdsearch.senate.gov/search/view/ptr/fb482df2-16d2-4401-911b-7a68166c2c6e/,ok_reused,2,,2026-09-10T17:05:26Z
fcacc112-3bf8-4a43-82f6-38d14a699357,fcacc112-3bf8-4a43-82f6-38d14a699357,John Boozman,2025-04-20,electronic_html,https://efdsearch.senate.gov/search/view/ptr/fcacc112-3bf8-4a43-82f6-38d14a699357/,ok_reused,3,,2026-09-10T17:05:26Z
19100e4c-0acb-45fb-9eb3-34ec9460d5e9,19100e4c-0acb-45fb-9eb3-34ec9460d5e9,Ashley Moody,2025-04-20,electronic_html,https://efdsearch.senate.gov/search/view/ptr/19100e4c-0acb-45fb-9eb3-34ec9460d5e9/,ok_reused,9,,2026-09-10T17:05:26Z
bb5a37f0-b259-46e9-8a2c-c27f24fe1533,bb5a37f0-b259-46e9-8a2c-c27f24fe1533,Shelley M Capito,2025-04-10,electronic_html,https://efdsearch.senate.gov/search/view/ptr/bb5a37f0-b259-46e9-8a2c-c27f24fe1533/,ok_reused,2,,2026-09-10T17:05:26Z
ee360a8f-8d24-4dd3-8176-652d7ec64d3c,ee360a8f-8d24-4dd3-8176-652d7ec64d3c,RICHARD BLUMENTHAL,2025-04-07,paper_scan,https://efdsearch.senate.gov/search/view/paper/ee360a8f-8d24-4dd3-8176-652d7ec64d3c/,paper_deferred,0,Paper filing intentionally deferred to a future project.,2026-09-10T17:05:26Z
5823084a-1dd6-4707-aee5-53c57af4df8c,5823084a-1dd6-4707-aee5-53c57af4df8c,David H McCormick,2025-03-29,electronic_html,https://efdsearch.senate.gov/search/view/ptr/5823084a-1dd6-4707-aee5-53c57af4df8c/,ok_reused,19,,2026-09-10T17:05:26Z
376521e5-ad5e-44ec-8bd4-63847da2e049,376521e5-ad5e-44ec-8bd4-63847da2e049,Ashley Moody,2025-03-22,electronic_html,https://efdsearch.senate.gov/search/view/ptr/376521e5-ad5e-44ec-8bd4-63847da2e049/,ok_reused,24,,2026-09-10T17:05:26Z
ec33423d-b244-4bc3-a96f-da77436cda11,ec33423d-b244-4bc3-a96f-da77436cda11,Tina Smith,2025-03-19,electronic_html,https://efdsearch.senate.gov/search/view/ptr/ec33423d-b244-4bc3-a96f-da77436cda11/,ok_reused,2,,2026-09-10T17:05:26Z
ac293f74-570f-4c11-9224-79686a7500a9,ac293f74-570f-4c11-9224-79686a7500a9,David H McCormick,2025-03-19,electronic_html,https://efdsearch.senate.gov/search/view/ptr/ac293f74-570f-4c11-9224-79686a7500a9/,ok_reused,23,,2026-09-10T17:05:26Z
8e8ae815-6d8b-4330-8aa0-da89ab2e2ca0,8e8ae815-6d8b-4330-8aa0-da89ab2e2ca0,RICHARD BLUMENTHAL,2025-03-17,paper_scan,https://efdsearch.senate.gov/search/view/paper/8e8ae815-6d8b-4330-8aa0-da89ab2e2ca0/,paper_deferred,0,Paper filing intentionally deferred to a future project.,2026-09-10T17:05:26Z
07155f69-e46a-49db-8341-66a2fab74c3c,07155f69-e46a-49db-8341-66a2fab74c3c,"A. Mitchell McConnell, Jr.",2025-03-12,electronic_html,https://efdsearch.senate.gov/search/view/ptr/07155f69-e46a-49db-8341-66a2fab74c3c/,ok_reused,1,,2026-09-10T17:05:26Z
d445c200-69d3-4a59-a5a8-4252ef807649,d445c200-69d3-4a59-a5a8-4252ef807649,John Fetterman,2025-03-12,electronic_html,https://efdsearch.senate.gov/search/view/ptr/d445c200-69d3-4a59-a5a8-4252ef807649/,ok_reused,3,,2026-09-10T17:05:26Z
f90fce4f-35b7-4e45-b540-a8f2e2372a63,f90fce4f-35b7-4e45-b540-a8f2e2372a63,James Banks,2025-03-10,electronic_html,https://efdsearch.senate.gov/search/view/ptr/f90fce4f-35b7-4e45-b540-a8f2e2372a63/,ok_reused,1,,2026-09-10T17:05:26Z
b6f24083-8ed9-4368-b482-3d14155c1e9b,b6f24083-8ed9-4368-b482-3d14155c1e9b,John Boozman,2025-03-06,electronic_html,https://efdsearch.senate.gov/search/view/ptr/b6f24083-8ed9-4368-b482-3d14155c1e9b/,ok_reused,10,,2026-09-10T17:05:26Z
6cf4a78e-92f0-4201-bf73-e9b02cd8f9ef,6cf4a78e-92f0-4201-bf73-e9b02cd8f9ef,John Boozman,2025-03-06,electronic_html,https://efdsearch.senate.gov/search/view/ptr/6cf4a78e-92f0-4201-bf73-e9b02cd8f9ef/,ok_reused,15,,2026-09-10T17:05:26Z
2f191d07-0340-4367-ba29-a81216bb20e3,2f191d07-0340-4367-ba29-a81216bb20e3,Shelley M Capito,2025-03-06,electronic_html,https://efdsearch.senate.gov/search/view/ptr/2f191d07-0340-4367-ba29-a81216bb20e3/,ok_reused,7,,2026-09-10T17:05:26Z
87e8ffc9-b032-4706-a4d1-8769a6eca634,87e8ffc9-b032-4706-a4d1-8769a6eca634,David H McCormick,2025-03-05,electronic_html,https://efdsearch.senate.gov/search/view/ptr/87e8ffc9-b032-4706-a4d1-8769a6eca634/,ok_reused,23,,2026-09-10T17:05:26Z
4fbbf6be-25c1-4589-bda0-95b5295c4107,4fbbf6be-25c1-4589-bda0-95b5295c4107,RICHARD BLUMENTHAL,2025-03-04,paper_scan,https://efdsearch.senate.gov/search/view/paper/4fbbf6be-25c1-4589-bda0-95b5295c4107/,paper_deferred,0,Paper filing intentionally deferred to a future project.,2026-09-10T17:05:26Z
379b806a-8e3a-40ff-b363-bd95b247bc38,379b806a-8e3a-40ff-b363-bd95b247bc38,Rick Scott,2025-03-03,electronic_html,https://efdsearch.senate.gov/search/view/ptr/379b806a-8e3a-40ff-b363-bd95b247bc38/,ok_reused,6,,2026-09-10T17:05:26Z
5e2160d6-9770-4c7b-b65e-9b7794043d25,5e2160d6-9770-4c7b-b65e-9b7794043d25,Ashley Moody,2025-02-21,electronic_html,https://efdsearch.senate.gov/search/view/ptr/5e2160d6-9770-4c7b-b65e-9b7794043d25/,ok_reused,20,,2026-09-10T17:05:26Z
f3e6926f-70d4-4265-9b81-68798dfc73bb,f3e6926f-70d4-4265-9b81-68798dfc73bb,Ron L Wyden,2025-02-21,electronic_html,https://efdsearch.senate.gov/search/view/ptr/f3e6926f-70d4-4265-9b81-68798dfc73bb/,ok_reused,4,,2026-09-10T17:05:26Z
b52d72ba-b052-42c7-9ced-2d0b392a1691,b52d72ba-b052-42c7-9ced-2d0b392a1691,Thomas H Tuberville,2025-02-14,electronic_html,https://efdsearch.senate.gov/search/view/ptr/b52d72ba-b052-42c7-9ced-2d0b392a1691/,ok_reused,6,,2026-09-10T17:05:26Z
e80feabd-db9d-4949-bc5b-3c847028076e,e80feabd-db9d-4949-bc5b-3c847028076e,Shelley M Capito,2025-02-13,electronic_html,https://efdsearch.senate.gov/search/view/ptr/e80feabd-db9d-4949-bc5b-3c847028076e/,ok_reused,12,,2026-09-10T17:05:26Z
14607985-10ba-44a3-bd64-9840e003b06e,14607985-10ba-44a3-bd64-9840e003b06e,RICHARD BLUMENTHAL,2025-02-10,paper_scan,https://efdsearch.senate.gov/search/view/paper/14607985-10ba-44a3-bd64-9840e003b06e/,paper_deferred,0,Paper filing intentionally deferred to a future project.,2026-09-10T17:05:26Z
54706de3-8e57-4616-8476-5dcc58365e88,54706de3-8e57-4616-8476-5dcc58365e88,David H McCormick,2025-02-09,electronic_html,https://efdsearch.senate.gov/search/view/ptr/54706de3-8e57-4616-8476-5dcc58365e88/,ok_reused,29,,2026-09-10T17:05:26Z
16381620-d336-4b9a-98fd-86dd3364c8c5,16381620-d336-4b9a-98fd-86dd3364c8c5,John Boozman,2025-02-08,electronic_html,https://efdsearch.senate.gov/search/view/ptr/16381620-d336-4b9a-98fd-86dd3364c8c5/,ok_reused,6,,2026-09-10T17:05:26Z
5d03af49-5bd7-4212-9587-7bfd13b98185,5d03af49-5bd7-4212-9587-7bfd13b98185,John Boozman,2025-02-08,electronic_html,https://efdsearch.senate.gov/search/view/ptr/5d03af49-5bd7-4212-9587-7bfd13b98185/,ok_reused,6,,2026-09-10T17:05:26Z
5600cc30-f2c9-4d6b-b681-baae1c70a40a,5600cc30-f2c9-4d6b-b681-baae1c70a40a,John Fetterman,2025-02-07,electronic_html,https://efdsearch.senate.gov/search/view/ptr/5600cc30-f2c9-4d6b-b681-baae1c70a40a/,ok_reused,6,,2026-09-10T17:05:26Z
4ba30498-d6c3-4bc5-9a28-076d5cb7001f,4ba30498-d6c3-4bc5-9a28-076d5cb7001f,David H McCormick,2025-02-05,electronic_html,https://efdsearch.senate.gov/search/view/ptr/4ba30498-d6c3-4bc5-9a28-076d5cb7001f/,ok_reused,1,,2026-09-10T17:05:26Z
f09fb0fe-7f70-434e-88c7-a43e96ee08a7,f09fb0fe-7f70-434e-88c7-a43e96ee08a7,"William F Hagerty, IV",2025-01-22,electronic_html,https://efdsearch.senate.gov/search/view/ptr/f09fb0fe-7f70-434e-88c7-a43e96ee08a7/,ok_reused,1,,2026-09-10T17:05:26Z
d7d35e4a-545e-4215-a318-f90031461bc3,d7d35e4a-545e-4215-a318-f90031461bc3,RICHARD BLUMENTHAL,2025-01-21,paper_scan,https://efdsearch.senate.gov/search/view/paper/d7d35e4a-545e-4215-a318-f90031461bc3/,paper_deferred,0,Paper filing intentionally deferred to a future project.,2026-09-10T17:05:26Z
e37322e3-0829-4e3c-9faf-7a4a1a957e09,e37322e3-0829-4e3c-9faf-7a4a1a957e09,"Jerry Moran,",2025-01-18,electronic_html,https://efdsearch.senate.gov/search/view/ptr/e37322e3-0829-4e3c-9faf-7a4a1a957e09/,ok_reused,1,,2026-09-10T17:05:26Z
53c96503-83f8-41d0-ae07-9f7ea463f37b,53c96503-83f8-41d0-ae07-9f7ea463f37b,John Boozman,2025-01-14,electronic_html,https://efdsearch.senate.gov/search/view/ptr/53c96503-83f8-41d0-ae07-9f7ea463f37b/,ok_reused,1,,2026-09-10T17:05:26Z
70c80513-d89a-4382-afa6-d80f6c1fcbf1,70c80513-d89a-4382-afa6-d80f6c1fcbf1,Sheldon Whitehouse,2025-01-08,electronic_html,https://efdsearch.senate.gov/search/view/ptr/70c80513-d89a-4382-afa6-d80f6c1fcbf1/,ok_reused,3,,2026-09-10T17:05:26Z
37265fce-ec98-4bba-8b2b-33b30def336f,37265fce-ec98-4bba-8b2b-33b30def336f,Shelley M Capito,2025-01-06,electronic_html,https://efdsearch.senate.gov/search/view/ptr/37265fce-ec98-4bba-8b2b-33b30def336f/,ok_reused,5,,2026-09-10T17:05:26Z
de5dbd67-5370-432c-a943-a267f16ef49d,de5dbd67-5370-432c-a943-a267f16ef49d,"A. Mitchell McConnell, Jr.",2025-01-04,electronic_html,https://efdsearch.senate.gov/search/view/ptr/de5dbd67-5370-432c-a943-a267f16ef49d/,ok_reused,1,,2026-09-10T17:05:26Z
7d8d619e-cbcb-4fec-9146-d4bbd7b87c3a,7d8d619e-cbcb-4fec-9146-d4bbd7b87c3a,RICHARD BLUMENTHAL,2024-12-31,paper_scan,https://efdsearch.senate.gov/search/view/paper/7d8d619e-cbcb-4fec-9146-d4bbd7b87c3a/,paper_deferred,0,Paper filing intentionally deferred to a future project.,2026-09-10T17:05:26Z
63d6b410-364c-479e-bc08-f51fb938c72a,63d6b410-364c-479e-bc08-f51fb938c72a,"William F Hagerty, IV",2024-12-30,electronic_html,https://efdsearch.senate.gov/search/view/ptr/63d6b410-364c-479e-bc08-f51fb938c72a/,ok_reused,5,,2026-09-10T17:05:26Z
d9c3a185-c62f-410b-96b7-ae662334ee39,d9c3a185-c62f-410b-96b7-ae662334ee39,Rick Scott,2024-12-20,electronic_html,https://efdsearch.senate.gov/search/view/ptr/d9c3a185-c62f-410b-96b7-ae662334ee39/,ok_reused,9,,2026-09-10T17:05:26Z
0fb45fec-86dd-4450-a593-2137fb0c5b39,0fb45fec-86dd-4450-a593-2137fb0c5b39,John Boozman,2024-12-17,electronic_html,https://efdsearch.senate.gov/search/view/ptr/0fb45fec-86dd-4450-a593-2137fb0c5b39/,ok_reused,3,,2026-09-10T17:05:26Z
e69e4753-8d5b-485e-8c9f-3b8fedf24b80,e69e4753-8d5b-485e-8c9f-3b8fedf24b80,John Boozman,2024-12-17,electronic_html,https://efdsearch.senate.gov/search/view/ptr/e69e4753-8d5b-485e-8c9f-3b8fedf24b80/,ok_reused,2,,2026-09-10T17:05:26Z
9af2d969-8530-41e5-bba4-fbdfa7dce896,9af2d969-8530-41e5-bba4-fbdfa7dce896,RICHARD BLUMENTHAL,2024-12-09,paper_scan,https://efdsearch.senate.gov/search/view/paper/9af2d969-8530-41e5-bba4-fbdfa7dce896/,paper_deferred,0,Paper filing intentionally deferred to a future project.,2026-09-10T17:05:26Z
85351604-889b-4ee8-ac8e-6b99b5543143,85351604-889b-4ee8-ac8e-6b99b5543143,Sheldon Whitehouse,2024-12-05,electronic_html,https://efdsearch.senate.gov/search/view/ptr/85351604-889b-4ee8-ac8e-6b99b5543143/,ok_reused,3,,2026-09-10T17:05:26Z
8d18c865-ecbd-4945-aacd-5df646910155,8d18c865-ecbd-4945-aacd-5df646910155,John Fetterman,2024-12-03,electronic_html,https://efdsearch.senate.gov/search/view/ptr/8d18c865-ecbd-4945-aacd-5df646910155/,ok_reused,1,,2026-09-10T17:05:26Z
a076a6f8-81d7-4cde-9fa0-bb434fb9821a,a076a6f8-81d7-4cde-9fa0-bb434fb9821a,"William F Hagerty, IV",2024-11-25,electronic_html,https://efdsearch.senate.gov/search/view/ptr/a076a6f8-81d7-4cde-9fa0-bb434fb9821a/,ok_reused,1,,2026-09-10T17:05:26Z
c337b418-b154-457a-9fd1-147b2dbcb151,c337b418-b154-457a-9fd1-147b2dbcb151,Tina Smith,2024-11-21,electronic_html,https://efdsearch.senate.gov/search/view/ptr/c337b418-b154-457a-9fd1-147b2dbcb151/,ok_reused,1,,2026-09-10T17:05:26Z
b16a2be7-815a-4451-a4a7-dce671fb5e8d,b16a2be7-815a-4451-a4a7-dce671fb5e8d,Rick Scott,2024-11-20,electronic_html,https://efdsearch.senate.gov/search/view/ptr/b16a2be7-815a-4451-a4a7-dce671fb5e8d/,ok_reused,2,,2026-09-10T17:05:26Z
fb8e7c07-ad6c-48e0-a6af-de9bf58827d6,fb8e7c07-ad6c-48e0-a6af-de9bf58827d6,Thomas H Tuberville,2024-11-15,electronic_html,https://efdsearch.senate.gov/search/view/ptr/fb8e7c07-ad6c-48e0-a6af-de9bf58827d6/,ok_reused,12,,2026-09-10T17:05:26Z
f107eca1-7edb-4f5a-b81e-f4134df3b21b,f107eca1-7edb-4f5a-b81e-f4134df3b21b,Gary C Peters,2024-11-14,electronic_html,https://efdsearch.senate.gov/search/view/ptr/f107eca1-7edb-4f5a-b81e-f4134df3b21b/,ok_reused,3,,2026-09-10T17:05:26Z
4c8b14b5-10c1-4b0c-93dc-49886f76075c,4c8b14b5-10c1-4b0c-93dc-49886f76075c,Mark R Warner,2024-11-12,electronic_html,https://efdsearch.senate.gov/search/view/ptr/4c8b14b5-10c1-4b0c-93dc-49886f76075c/,ok_reused,1,,2026-09-10T17:05:26Z
04487b72-9a2e-4ba2-815d-bb092850f6a6,04487b72-9a2e-4ba2-815d-bb092850f6a6,John Fetterman,2024-11-12,electronic_html,https://efdsearch.senate.gov/search/view/ptr/04487b72-9a2e-4ba2-815d-bb092850f6a6/,ok_reused,10,,2026-09-10T17:05:26Z
31c14513-bc60-4d79-a426-210190638482,31c14513-bc60-4d79-a426-210190638482,Shelley M Capito,2024-11-12,electronic_html,https://efdsearch.senate.gov/search/view/ptr/31c14513-bc60-4d79-a426-210190638482/,ok_reused,1,,2026-09-10T17:05:26Z
a3fd3dbc-8c32-476a-85eb-67ee0ce304cb,a3fd3dbc-8c32-476a-85eb-67ee0ce304cb,Sheldon Whitehouse,2024-11-07,electronic_html,https://efdsearch.senate.gov/search/view/ptr/a3fd3dbc-8c32-476a-85eb-67ee0ce304cb/,ok_reused,14,,2026-09-10T17:05:26Z
fde3b4a5-78ab-4ec7-a0a1-fc462d39649a,fde3b4a5-78ab-4ec7-a0a1-fc462d39649a,RICHARD BLUMENTHAL,2024-10-30,paper_scan,https://efdsearch.senate.gov/search/view/paper/fde3b4a5-78ab-4ec7-a0a1-fc462d39649a/,paper_deferred,0,Paper filing intentionally deferred to a future project.,2026-09-10T17:05:26Z
a7daa704-b0e4-4069-8ee4-d2dd854a4d33,a7daa704-b0e4-4069-8ee4-d2dd854a4d33,Rick Scott,2024-10-23,electronic_html,https://efdsearch.senate.gov/search/view/ptr/a7daa704-b0e4-4069-8ee4-d2dd854a4d33/,ok_reused,6,,2026-09-10T17:05:26Z
e059c06a-1f17-4143-bdca-be82e73eba53,e059c06a-1f17-4143-bdca-be82e73eba53,John Boozman,2024-10-18,electronic_html,https://efdsearch.senate.gov/search/view/ptr/e059c06a-1f17-4143-bdca-be82e73eba53/,ok_reused,10,,2026-09-10T17:05:26Z
833ba1d7-3736-4a2c-a3be-c56a641a01fe,833ba1d7-3736-4a2c-a3be-c56a641a01fe,John Boozman,2024-10-18,electronic_html,https://efdsearch.senate.gov/search/view/ptr/833ba1d7-3736-4a2c-a3be-c56a641a01fe/,ok_reused,16,,2026-09-10T17:05:26Z
520e479e-3586-4de5-a16b-cb7c22414594,520e479e-3586-4de5-a16b-cb7c22414594,RICHARD BLUMENTHAL,2024-10-16,paper_scan,https://efdsearch.senate.gov/search/view/paper/520e479e-3586-4de5-a16b-cb7c22414594/,paper_deferred,0,Paper filing intentionally deferred to a future project.,2026-09-10T17:05:26Z
7d47ef37-89f5-4649-ac7d-739741be9148,7d47ef37-89f5-4649-ac7d-739741be9148,John W Hickenlooper,2024-10-15,electronic_html,https://efdsearch.senate.gov/search/view/ptr/7d47ef37-89f5-4649-ac7d-739741be9148/,ok_reused,3,,2026-09-10T17:05:26Z
be35b273-bd11-4c0f-a437-8eb1df7fc77a,be35b273-bd11-4c0f-a437-8eb1df7fc77a,Sheldon Whitehouse,2024-10-10,electronic_html,https://efdsearch.senate.gov/search/view/ptr/be35b273-bd11-4c0f-a437-8eb1df7fc77a/,ok_reused,1,,2026-09-10T17:05:26Z
1489e003-c0e6-4370-9068-7c42946e5555,1489e003-c0e6-4370-9068-7c42946e5555,Shelley M Capito,2024-10-05,electronic_html,https://efdsearch.senate.gov/search/view/ptr/1489e003-c0e6-4370-9068-7c42946e5555/,ok_reused,6,,2026-09-10T17:05:26Z
c6b29455-39fd-4033-93fe-f9b1d69c9751,c6b29455-39fd-4033-93fe-f9b1d69c9751,RICHARD BLUMENTHAL,2024-10-02,paper_scan,https://efdsearch.senate.gov/search/view/paper/c6b29455-39fd-4033-93fe-f9b1d69c9751/,paper_deferred,0,Paper filing intentionally deferred to a future project.,2026-09-10T17:05:26Z
80c3b3f6-f466-440a-bbdc-dc4e6b5b52ca,80c3b3f6-f466-440a-bbdc-dc4e6b5b52ca,John W Hickenlooper,2024-09-19,electronic_html,https://efdsearch.senate.gov/search/view/ptr/80c3b3f6-f466-440a-bbdc-dc4e6b5b52ca/,ok_reused,3,,2026-09-10T17:05:26Z
e9bc4f11-1b55-444b-b198-78db5eb92d73,e9bc4f11-1b55-444b-b198-78db5eb92d73,Mark R Warner,2024-09-16,electronic_html,https://efdsearch.senate.gov/search/view/ptr/e9bc4f11-1b55-444b-b198-78db5eb92d73/,ok_reused,1,,2026-09-10T17:05:26Z
53191e77-cbc8-4155-ad7f-3a720b83da89,53191e77-cbc8-4155-ad7f-3a720b83da89,"A. Mitchell McConnell, Jr.",2024-09-16,electronic_html,https://efdsearch.senate.gov/search/view/ptr/53191e77-cbc8-4155-ad7f-3a720b83da89/,ok_reused,1,,2026-09-10T17:05:26Z
c3b580a2-779a-433c-9a88-ba54cf9a41ac,c3b580a2-779a-433c-9a88-ba54cf9a41ac,Susan M Collins,2024-09-13,electronic_html,https://efdsearch.senate.gov/search/view/ptr/c3b580a2-779a-433c-9a88-ba54cf9a41ac/,ok_reused,4,,2026-09-10T17:05:26Z
ff447117-d7c4-47fd-83c7-a34d39192b71,ff447117-d7c4-47fd-83c7-a34d39192b71,Thomas H Tuberville,2024-09-13,electronic_html,https://efdsearch.senate.gov/search/view/ptr/ff447117-d7c4-47fd-83c7-a34d39192b71/,ok_reused,6,,2026-09-10T17:05:26Z
ba223914-1e58-468f-882a-e10694f6c14a,ba223914-1e58-468f-882a-e10694f6c14a,John W Hickenlooper,2024-09-05,electronic_html,https://efdsearch.senate.gov/search/view/ptr/ba223914-1e58-468f-882a-e10694f6c14a/,ok_reused,1,,2026-09-10T17:05:26Z
c585b26b-70d2-4ba8-83a1-a03921b62aaf,c585b26b-70d2-4ba8-83a1-a03921b62aaf,Shelley M Capito,2024-09-05,electronic_html,https://efdsearch.senate.gov/search/view/ptr/c585b26b-70d2-4ba8-83a1-a03921b62aaf/,ok_reused,3,,2026-09-10T17:05:26Z
0fa07a20-9378-4a1c-a55a-083f16baf606,0fa07a20-9378-4a1c-a55a-083f16baf606,Sheldon Whitehouse,2024-09-04,electronic_html,https://efdsearch.senate.gov/search/view/ptr/0fa07a20-9378-4a1c-a55a-083f16baf606/,ok_reused,1,,2026-09-10T17:05:26Z
bef47efb-e0e5-47b1-ac7b-80dae682a8c7,bef47efb-e0e5-47b1-ac7b-80dae682a8c7,"Jerry Moran,",2024-08-29,electronic_html,https://efdsearch.senate.gov/search/view/ptr/bef47efb-e0e5-47b1-ac7b-80dae682a8c7/,ok_reused,4,,2026-09-10T17:05:26Z
659af64a-f12f-43f9-b4f4-0a7bcf3d3613,659af64a-f12f-43f9-b4f4-0a7bcf3d3613,Sheldon Whitehouse,2024-08-21,electronic_html,https://efdsearch.senate.gov/search/view/ptr/659af64a-f12f-43f9-b4f4-0a7bcf3d3613/,ok_reused,6,,2026-09-10T17:05:26Z
d7e2b033-3bb4-4877-95fc-497264e9e0ce,d7e2b033-3bb4-4877-95fc-497264e9e0ce,RICHARD BLUMENTHAL,2024-08-20,paper_scan,https://efdsearch.senate.gov/search/view/paper/d7e2b033-3bb4-4877-95fc-497264e9e0ce/,paper_deferred,0,Paper filing intentionally deferred to a future project.,2026-09-10T17:05:26Z
56ec1f7c-ec77-465a-a3c7-d70caf591e61,56ec1f7c-ec77-465a-a3c7-d70caf591e61,Mark R Warner,2024-08-19,electronic_html,https://efdsearch.senate.gov/search/view/ptr/56ec1f7c-ec77-465a-a3c7-d70caf591e61/,ok_reused,1,,2026-09-10T17:05:26Z
9b782ca8-bf85-4256-bada-b6cca565e20f,9b782ca8-bf85-4256-bada-b6cca565e20f,Susan M Collins,2024-08-15,electronic_html,https://efdsearch.senate.gov/search/view/ptr/9b782ca8-bf85-4256-bada-b6cca565e20f/,ok_reused,1,,2026-09-10T17:05:26Z
2596f23a-bfab-416a-8971-dab737a46efc,2596f23a-bfab-416a-8971-dab737a46efc,John Fetterman,2024-08-15,electronic_html,https://efdsearch.senate.gov/search/view/ptr/2596f23a-bfab-416a-8971-dab737a46efc/,ok_reused,2,,2026-09-10T17:05:26Z
73a99931-0e4a-4ca0-bf62-305fc0386998,73a99931-0e4a-4ca0-bf62-305fc0386998,Rick Scott,2024-08-13,electronic_html,https://efdsearch.senate.gov/search/view/ptr/73a99931-0e4a-4ca0-bf62-305fc0386998/,ok_reused,11,,2026-09-10T17:05:26Z
161ff3c5-a401-48b8-aa82-70272dde4da1,161ff3c5-a401-48b8-aa82-70272dde4da1,John Fetterman,2024-08-13,electronic_html,https://efdsearch.senate.gov/search/view/ptr/161ff3c5-a401-48b8-aa82-70272dde4da1/,ok_reused,31,,2026-09-10T17:05:26Z
f0ddb350-3763-4bc9-8d9f-6c0d8885396d,f0ddb350-3763-4bc9-8d9f-6c0d8885396d,"William F Hagerty, IV",2024-08-13,electronic_html,https://efdsearch.senate.gov/search/view/ptr/f0ddb350-3763-4bc9-8d9f-6c0d8885396d/,ok_reused,1,,2026-09-10T17:05:26Z
919a2b2d-d5f8-4f14-ab26-9e67b82b7b4c,919a2b2d-d5f8-4f14-ab26-9e67b82b7b4c,Shelley M Capito,2024-08-11,electronic_html,https://efdsearch.senate.gov/search/view/ptr/919a2b2d-d5f8-4f14-ab26-9e67b82b7b4c/,ok_reused,6,,2026-09-10T17:05:26Z
53393448-4e89-49a2-9fb0-ddce2e0d4832,53393448-4e89-49a2-9fb0-ddce2e0d4832,John Boozman,2024-08-06,electronic_html,https://efdsearch.senate.gov/search/view/ptr/53393448-4e89-49a2-9fb0-ddce2e0d4832/,ok_reused,5,,2026-09-10T17:05:26Z
af3e4dec-0e1e-4833-9620-4f6c61523cfc,af3e4dec-0e1e-4833-9620-4f6c61523cfc,Gary C Peters,2024-08-05,electronic_html,https://efdsearch.senate.gov/search/view/ptr/af3e4dec-0e1e-4833-9620-4f6c61523cfc/,ok_reused,2,,2026-09-10T17:05:26Z
15b456b6-a016-42dd-abdd-4bec977f69c0,15b456b6-a016-42dd-abdd-4bec977f69c0,Katie Britt,2024-07-29,electronic_html,https://efdsearch.senate.gov/search/view/ptr/15b456b6-a016-42dd-abdd-4bec977f69c0/,ok_reused,1,,2026-09-10T17:05:26Z
a95aa661-875c-461e-9dbd-fccd25dce9de,a95aa661-875c-461e-9dbd-fccd25dce9de,Sheldon Whitehouse,2024-07-16,electronic_html,https://efdsearch.senate.gov/search/view/ptr/a95aa661-875c-461e-9dbd-fccd25dce9de/,ok_reused,3,,2026-09-10T17:05:26Z
b1e91027-5aab-4824-9583-5e9d739c2d57,b1e91027-5aab-4824-9583-5e9d739c2d57,Susan M Collins,2024-07-12,electronic_html,https://efdsearch.senate.gov/search/view/ptr/b1e91027-5aab-4824-9583-5e9d739c2d57/,ok_reused,1,,2026-09-10T17:05:26Z
3b1affbf-2359-4fef-980d-1d2600cb8731,3b1affbf-2359-4fef-980d-1d2600cb8731,JOHN FETTERMAN,2024-07-12,paper_scan,https://efdsearch.senate.gov/search/view/paper/3b1affbf-2359-4fef-980d-1d2600cb8731/,paper_deferred,0,Paper filing intentionally deferred to a future project.,2026-09-10T17:05:26Z
66665c54-7f3f-43a4-bd64-6181a43205da,66665c54-7f3f-43a4-bd64-6181a43205da,Shelley M Capito,2024-07-11,electronic_html,https://efdsearch.senate.gov/search/view/ptr/66665c54-7f3f-43a4-bd64-6181a43205da/,ok_reused,1,,2026-09-10T17:05:26Z
17792029-d977-49d7-8d9c-042dc3d342e9,17792029-d977-49d7-8d9c-042dc3d342e9,John Boozman,2024-07-11,electronic_html,https://efdsearch.senate.gov/search/view/ptr/17792029-d977-49d7-8d9c-042dc3d342e9/,ok_reused,7,,2026-09-10T17:05:26Z
c417b7b2-e80f-477d-9647-c22bc8c1cd1b,c417b7b2-e80f-477d-9647-c22bc8c1cd1b,John Boozman,2024-07-11,electronic_html,https://efdsearch.senate.gov/search/view/ptr/c417b7b2-e80f-477d-9647-c22bc8c1cd1b/,ok_reused,9,,2026-09-10T17:05:26Z
909566de-2b97-434a-aff2-decc117f92e7,909566de-2b97-434a-aff2-decc117f92e7,Rick Scott,2024-07-06,electronic_html,https://efdsearch.senate.gov/search/view/ptr/909566de-2b97-434a-aff2-decc117f92e7/,ok_reused,5,,2026-09-10T17:05:26Z
2cd90465-7aef-4f33-881a-57cbf4f439ef,2cd90465-7aef-4f33-881a-57cbf4f439ef,RICHARD BLUMENTHAL,2024-06-20,paper_scan,https://efdsearch.senate.gov/search/view/paper/2cd90465-7aef-4f33-881a-57cbf4f439ef/,paper_deferred,0,Paper filing intentionally deferred to a future project.,2026-09-10T17:05:26Z
b5272e54-0ad8-462c-97f5-9af1ea47b1f1,b5272e54-0ad8-462c-97f5-9af1ea47b1f1,Thomas H Tuberville,2024-06-14,electronic_html,https://efdsearch.senate.gov/search/view/ptr/b5272e54-0ad8-462c-97f5-9af1ea47b1f1/,ok_reused,94,,2026-09-10T17:05:26Z
33379f87-4267-4484-baa7-1f48a4375f65,33379f87-4267-4484-baa7-1f48a4375f65,"A. Mitchell McConnell, Jr.",2024-06-13,electronic_html,https://efdsearch.senate.gov/search/view/ptr/33379f87-4267-4484-baa7-1f48a4375f65/,ok_reused,1,,2026-09-10T17:05:26Z
115febfe-55cb-4f57-8452-71748371578b,115febfe-55cb-4f57-8452-71748371578b,John W Hickenlooper,2024-06-10,electronic_html,https://efdsearch.senate.gov/search/view/ptr/115febfe-55cb-4f57-8452-71748371578b/,ok_reused,4,,2026-09-10T17:05:26Z
88c3e137-fe24-42c9-a65e-1370f6d2ca6f,88c3e137-fe24-42c9-a65e-1370f6d2ca6f,Rick Scott,2024-06-09,electronic_html,https://efdsearch.senate.gov/search/view/ptr/88c3e137-fe24-42c9-a65e-1370f6d2ca6f/,ok_reused,8,,2026-09-10T17:05:26Z
fa292fd4-a512-4dc9-99b5-0a397b1b92db,fa292fd4-a512-4dc9-99b5-0a397b1b92db,Sheldon Whitehouse,2024-06-06,electronic_html,https://efdsearch.senate.gov/search/view/ptr/fa292fd4-a512-4dc9-99b5-0a397b1b92db/,ok_reused,2,,2026-09-10T17:05:26Z
5e1f9c4d-5891-47c4-a916-297de68814fd,5e1f9c4d-5891-47c4-a916-297de68814fd,John Boozman,2024-06-05,electronic_html,https://efdsearch.senate.gov/search/view/ptr/5e1f9c4d-5891-47c4-a916-297de68814fd/,ok_reused,3,,2026-09-10T17:05:26Z
1f48b3e2-dafe-4f0a-ab51-32cb30c9337b,1f48b3e2-dafe-4f0a-ab51-32cb30c9337b,Gary C Peters,2024-05-23,electronic_html,https://efdsearch.senate.gov/search/view/ptr/1f48b3e2-dafe-4f0a-ab51-32cb30c9337b/,ok_reused,4,,2026-09-10T17:05:26Z
3c3b2fe8-c1ea-4d84-b986-a4484cbead80,3c3b2fe8-c1ea-4d84-b986-a4484cbead80,RICHARD BLUMENTHAL,2024-05-21,paper_scan,https://efdsearch.senate.gov/search/view/paper/3c3b2fe8-c1ea-4d84-b986-a4484cbead80/,paper_deferred,0,Paper filing intentionally deferred to a future project.,2026-09-10T17:05:26Z
0383f798-74f7-466c-8ecc-2cd1873526eb,0383f798-74f7-466c-8ecc-2cd1873526eb,Sheldon Whitehouse,2024-05-20,electronic_html,https://efdsearch.senate.gov/search/view/ptr/0383f798-74f7-466c-8ecc-2cd1873526eb/,ok_reused,6,,2026-09-10T17:05:26Z
dda61a64-82ed-4cc8-87e7-ef1d256c6565,dda61a64-82ed-4cc8-87e7-ef1d256c6565,Thomas H Tuberville,2024-05-15,electronic_html,https://efdsearch.senate.gov/search/view/ptr/dda61a64-82ed-4cc8-87e7-ef1d256c6565/,ok_reused,71,,2026-09-10T17:05:26Z
d079ab57-5156-4bf5-93a8-bbb556cf3a69,d079ab57-5156-4bf5-93a8-bbb556cf3a69,Shelley M Capito,2024-05-13,electronic_html,https://efdsearch.senate.gov/search/view/ptr/d079ab57-5156-4bf5-93a8-bbb556cf3a69/,ok_reused,7,,2026-09-10T17:05:26Z
a33e00ac-46fe-4e2f-b8ed-d8be0e4ebe33,a33e00ac-46fe-4e2f-b8ed-d8be0e4ebe33,Rick Scott,2024-05-10,electronic_html,https://efdsearch.senate.gov/search/view/ptr/a33e00ac-46fe-4e2f-b8ed-d8be0e4ebe33/,ok_reused,13,,2026-09-10T17:05:26Z
ab2e7833-29a8-4802-8873-14c882b32167,ab2e7833-29a8-4802-8873-14c882b32167,John Boozman,2024-05-08,electronic_html,https://efdsearch.senate.gov/search/view/ptr/ab2e7833-29a8-4802-8873-14c882b32167/,ok_reused,2,,2026-09-10T17:05:26Z
a88b0a6b-d700-4c7a-ad2e-bfdf4bc5633f,a88b0a6b-d700-4c7a-ad2e-bfdf4bc5633f,John Boozman,2024-05-08,electronic_html,https://efdsearch.senate.gov/search/view/ptr/a88b0a6b-d700-4c7a-ad2e-bfdf4bc5633f/,ok_reused,4,,2026-09-10T17:05:26Z
5ac65f38-4803-4b25-b252-5140bba4d8b5,5ac65f38-4803-4b25-b252-5140bba4d8b5,John Boozman,2024-05-07,electronic_html,https://efdsearch.senate.gov/search/view/ptr/5ac65f38-4803-4b25-b252-5140bba4d8b5/,ok_reused,4,,2026-09-10T17:05:26Z
2842ecf5-a3c9-4263-a25b-cb6ddde63186,2842ecf5-a3c9-4263-a25b-cb6ddde63186,RICHARD BLUMENTHAL,2024-05-03,paper_scan,https://efdsearch.senate.gov/search/view/paper/2842ecf5-a3c9-4263-a25b-cb6ddde63186/,paper_deferred,0,Paper filing intentionally deferred to a future project.,2026-09-10T17:05:26Z
2a995961-ea87-4b8c-8387-790256d6a672,2a995961-ea87-4b8c-8387-790256d6a672,Sheldon Whitehouse,2024-04-24,electronic_html,https://efdsearch.senate.gov/search/view/ptr/2a995961-ea87-4b8c-8387-790256d6a672/,ok_reused,2,,2026-09-10T17:05:26Z
5b2f06bb-dccb-478e-a503-f840a312ed92,5b2f06bb-dccb-478e-a503-f840a312ed92,Rafael E Cruz,2024-04-24,electronic_html,https://efdsearch.senate.gov/search/view/ptr/5b2f06bb-dccb-478e-a503-f840a312ed92/,ok_reused,1,,2026-09-10T17:05:26Z
cf08c60c-6c0f-45ac-b8e9-3ca4c088e705,cf08c60c-6c0f-45ac-b8e9-3ca4c088e705,Tina Smith,2024-04-19,electronic_html,https://efdsearch.senate.gov/search/view/ptr/cf08c60c-6c0f-45ac-b8e9-3ca4c088e705/,ok_reused,2,,2026-09-10T17:05:26Z
6b0c6fa8-5f02-4b79-92da-1cb309377091,6b0c6fa8-5f02-4b79-92da-1cb309377091,"Angus S King, Jr.",2024-04-17,electronic_html,https://efdsearch.senate.gov/search/view/ptr/6b0c6fa8-5f02-4b79-92da-1cb309377091/,ok_reused,1,,2026-09-10T17:05:26Z
35ffbe5d-3eb2-475c-a18b-68ebedb5bc3b,35ffbe5d-3eb2-475c-a18b-68ebedb5bc3b,Thomas H Tuberville,2024-04-15,electronic_html,https://efdsearch.senate.gov/search/view/ptr/35ffbe5d-3eb2-475c-a18b-68ebedb5bc3b/,ok_reused,19,,2026-09-10T17:05:26Z
86d388af-9927-4890-ae41-6859521366be,86d388af-9927-4890-ae41-6859521366be,Ron L Wyden,2024-04-12,electronic_html,https://efdsearch.senate.gov/search/view/ptr/86d388af-9927-4890-ae41-6859521366be/,ok_reused,1,,2026-09-10T17:05:26Z
173139f7-fce3-4058-8b88-94dcbb7be692,173139f7-fce3-4058-8b88-94dcbb7be692,Rick Scott,2024-04-12,electronic_html,https://efdsearch.senate.gov/search/view/ptr/173139f7-fce3-4058-8b88-94dcbb7be692/,ok_reused,18,,2026-09-10T17:05:26Z
75a6a5f9-4076-45df-bd8e-6b884f7a2a2a,75a6a5f9-4076-45df-bd8e-6b884f7a2a2a,RICHARD BLUMENTHAL,2024-04-12,paper_scan,https://efdsearch.senate.gov/search/view/paper/75a6a5f9-4076-45df-bd8e-6b884f7a2a2a/,paper_deferred,0,Paper filing intentionally deferred to a future project.,2026-09-10T17:05:26Z
2f506d44-7547-4211-a8ac-26698fb8f3c4,2f506d44-7547-4211-a8ac-26698fb8f3c4,John W Hickenlooper,2024-04-11,electronic_html,https://efdsearch.senate.gov/search/view/ptr/2f506d44-7547-4211-a8ac-26698fb8f3c4/,ok_reused,2,,2026-09-10T17:05:26Z
9a6471ce-564f-4f65-8a3d-2c12370bf870,9a6471ce-564f-4f65-8a3d-2c12370bf870,RICHARD BLUMENTHAL,2024-03-28,paper_scan,https://efdsearch.senate.gov/search/view/paper/9a6471ce-564f-4f65-8a3d-2c12370bf870/,paper_deferred,0,Paper filing intentionally deferred to a future project.,2026-09-10T17:05:26Z
4ab7f389-ca00-4a1e-b9e7-6eb91b8c3ebe,4ab7f389-ca00-4a1e-b9e7-6eb91b8c3ebe,"A. Mitchell McConnell, Jr.",2024-03-19,electronic_html,https://efdsearch.senate.gov/search/view/ptr/4ab7f389-ca00-4a1e-b9e7-6eb91b8c3ebe/,ok_reused,1,,2026-09-10T17:05:26Z
43a6c37c-44f6-4749-9232-1e9725258b41,43a6c37c-44f6-4749-9232-1e9725258b41,Rick Scott,2024-03-15,electronic_html,https://efdsearch.senate.gov/search/view/ptr/43a6c37c-44f6-4749-9232-1e9725258b41/,ok_reused,17,,2026-09-10T17:05:26Z
2fc8e17b-0db3-404a-b617-b180804063c6,2fc8e17b-0db3-404a-b617-b180804063c6,Thomas H Tuberville,2024-03-15,electronic_html,https://efdsearch.senate.gov/search/view/ptr/2fc8e17b-0db3-404a-b617-b180804063c6/,ok_reused,8,,2026-09-10T17:05:26Z
94bc262a-9045-40d2-be53-18fd4ee6568c,94bc262a-9045-40d2-be53-18fd4ee6568c,Shelley M Capito,2024-03-15,electronic_html,https://efdsearch.senate.gov/search/view/ptr/94bc262a-9045-40d2-be53-18fd4ee6568c/,ok_reused,4,,2026-09-10T17:05:26Z
c56a14be-de98-45f7-8dd0-9c6e92d3619c,c56a14be-de98-45f7-8dd0-9c6e92d3619c,Christopher A Coons,2024-03-06,electronic_html,https://efdsearch.senate.gov/search/view/ptr/c56a14be-de98-45f7-8dd0-9c6e92d3619c/,ok_reused,2,,2026-09-10T17:05:26Z
0663c4d9-f5f8-43d4-81d3-6d46b49d4dfd,0663c4d9-f5f8-43d4-81d3-6d46b49d4dfd,RICHARD BLUMENTHAL,2024-03-05,paper_scan,https://efdsearch.senate.gov/search/view/paper/0663c4d9-f5f8-43d4-81d3-6d46b49d4dfd/,paper_deferred,0,Paper filing intentionally deferred to a future project.,2026-09-10T17:05:26Z
84618bff-2333-4ebc-a817-eedb81177ab4,84618bff-2333-4ebc-a817-eedb81177ab4,Mark R Warner,2024-02-16,electronic_html,https://efdsearch.senate.gov/search/view/ptr/84618bff-2333-4ebc-a817-eedb81177ab4/,ok_reused,8,,2026-09-10T17:05:26Z
3dabcae6-b7fd-4dd0-9ece-e936d07def11,3dabcae6-b7fd-4dd0-9ece-e936d07def11,Thomas H Tuberville,2024-02-14,electronic_html,https://efdsearch.senate.gov/search/view/ptr/3dabcae6-b7fd-4dd0-9ece-e936d07def11/,ok_reused,60,,2026-09-10T17:05:26Z
ea190d96-3d92-4617-b44e-467b6fc05a93,ea190d96-3d92-4617-b44e-467b6fc05a93,Shelley M Capito,2024-02-14,electronic_html,https://efdsearch.senate.gov/search/view/ptr/ea190d96-3d92-4617-b44e-467b6fc05a93/,ok_reused,2,,2026-09-10T17:05:26Z
6f16eba7-e6a1-464f-8c61-ff112d89aef1,6f16eba7-e6a1-464f-8c61-ff112d89aef1,Daniel S Sullivan,2024-02-09,electronic_html,https://efdsearch.senate.gov/search/view/ptr/6f16eba7-e6a1-464f-8c61-ff112d89aef1/,ok_reused,1,,2026-09-10T17:05:26Z
9335e60a-450c-464e-8452-8602eec4d2ad,9335e60a-450c-464e-8452-8602eec4d2ad,RICHARD BLUMENTHAL,2024-02-05,paper_scan,https://efdsearch.senate.gov/search/view/paper/9335e60a-450c-464e-8452-8602eec4d2ad/,paper_deferred,0,Paper filing intentionally deferred to a future project.,2026-09-10T17:05:26Z
a801ab6e-6491-4775-8318-3ead166fd778,a801ab6e-6491-4775-8318-3ead166fd778,Gary C Peters,2024-01-25,electronic_html,https://efdsearch.senate.gov/search/view/ptr/a801ab6e-6491-4775-8318-3ead166fd778/,ok_reused,1,,2026-09-10T17:05:26Z
68e19861-e82e-4994-966f-a48ff53e73f3,68e19861-e82e-4994-966f-a48ff53e73f3,Rick Scott,2024-01-19,electronic_html,https://efdsearch.senate.gov/search/view/ptr/68e19861-e82e-4994-966f-a48ff53e73f3/,ok_reused,4,,2026-09-10T17:05:26Z
642f38a1-c21c-429e-94c1-86e57ee39de6,642f38a1-c21c-429e-94c1-86e57ee39de6,Sheldon Whitehouse,2024-01-18,electronic_html,https://efdsearch.senate.gov/search/view/ptr/642f38a1-c21c-429e-94c1-86e57ee39de6/,ok_reused,5,,2026-09-10T17:05:26Z
b08cdf32-a5e7-4767-97b1-20c8750638ca,b08cdf32-a5e7-4767-97b1-20c8750638ca,"Jerry Moran,",2024-01-17,electronic_html,https://efdsearch.senate.gov/search/view/ptr/b08cdf32-a5e7-4767-97b1-20c8750638ca/,ok_reused,45,,2026-09-10T17:05:26Z
61e98942-0ed6-491e-8f7f-5d5386b45073,61e98942-0ed6-491e-8f7f-5d5386b45073,Mark R Warner,2024-01-16,electronic_html,https://efdsearch.senate.gov/search/view/ptr/61e98942-0ed6-491e-8f7f-5d5386b45073/,ok_reused,18,,2026-09-10T17:05:26Z
750f4fe2-9632-4d95-b6e2-2248e29983d8,750f4fe2-9632-4d95-b6e2-2248e29983d8,"Angus S King, Jr.",2024-01-16,electronic_html,https://efdsearch.senate.gov/search/view/ptr/750f4fe2-9632-4d95-b6e2-2248e29983d8/,ok_reused,2,,2026-09-10T17:05:26Z
09ad11ea-1ccd-488f-b0b4-d545f6571714,09ad11ea-1ccd-488f-b0b4-d545f6571714,Shelley M Capito,2024-01-12,electronic_html,https://efdsearch.senate.gov/search/view/ptr/09ad11ea-1ccd-488f-b0b4-d545f6571714/,ok_reused,14,,2026-09-10T17:05:26Z
99b8e5a1-b98a-4083-a6c8-8cd634a14378,99b8e5a1-b98a-4083-a6c8-8cd634a14378,Thomas H Tuberville,2024-01-12,electronic_html,https://efdsearch.senate.gov/search/view/ptr/99b8e5a1-b98a-4083-a6c8-8cd634a14378/,ok_reused,15,,2026-09-10T17:05:26Z
0fb62423-2e23-4ec0-ba06-c07646b316d4,0fb62423-2e23-4ec0-ba06-c07646b316d4,John W Hickenlooper,2024-01-11,electronic_html,https://efdsearch.senate.gov/search/view/ptr/0fb62423-2e23-4ec0-ba06-c07646b316d4/,ok_reused,1,,2026-09-10T17:05:26Z
5cf58a0a-aa8f-4a64-972a-fcf9c5532b76,5cf58a0a-aa8f-4a64-972a-fcf9c5532b76,"William F Hagerty, IV",2024-01-10,electronic_html,https://efdsearch.senate.gov/search/view/ptr/5cf58a0a-aa8f-4a64-972a-fcf9c5532b76/,ok_reused,1,,2026-09-10T17:05:26Z
6a8e509d-cde7-4266-848e-a27fa42ba438,6a8e509d-cde7-4266-848e-a27fa42ba438,John Boozman,2024-01-08,electronic_html,https://efdsearch.senate.gov/search/view/ptr/6a8e509d-cde7-4266-848e-a27fa42ba438/,ok_reused,5,,2026-09-10T17:05:26Z
a7afd87e-027e-4b96-995c-fc3af98e6009,a7afd87e-027e-4b96-995c-fc3af98e6009,John Boozman,2024-01-08,electronic_html,https://efdsearch.senate.gov/search/view/ptr/a7afd87e-027e-4b96-995c-fc3af98e6009/,ok_reused,5,,2026-09-10T17:05:26Z
02954bb2-1254-4cb1-b369-7a9f82a41dd0,02954bb2-1254-4cb1-b369-7a9f82a41dd0,"Angus S King, Jr.",2024-01-02,electronic_html,https://efdsearch.senate.gov/search/view/ptr/02954bb2-1254-4cb1-b369-7a9f82a41dd0/,ok_reused,2,,2026-09-10T17:05:26Z
a2ae668a-789a-45f3-820b-5a90e82636cc,a2ae668a-789a-45f3-820b-5a90e82636cc,Gary C Peters,2023-12-21,electronic_html,https://efdsearch.senate.gov/search/view/ptr/a2ae668a-789a-45f3-820b-5a90e82636cc/,ok_reused,1,,2026-09-10T17:05:26Z
a1a9f50d-8027-40b9-8260-514a1a140615,a1a9f50d-8027-40b9-8260-514a1a140615,Mark R Warner,2023-12-19,electronic_html,https://efdsearch.senate.gov/search/view/ptr/a1a9f50d-8027-40b9-8260-514a1a140615/,ok_reused,30,,2026-09-10T17:05:26Z
db451761-8791-4226-b5ef-21582ac6a228,db451761-8791-4226-b5ef-21582ac6a228,Shelley M Capito,2023-12-19,electronic_html,https://efdsearch.senate.gov/search/view/ptr/db451761-8791-4226-b5ef-21582ac6a228/,ok_reused,2,,2026-09-10T17:05:26Z
87e49767-79f9-4e2f-8ad1-30585d4bd673,87e49767-79f9-4e2f-8ad1-30585d4bd673,"A. Mitchell McConnell, Jr.",2023-12-18,electronic_html,https://efdsearch.senate.gov/search/view/ptr/87e49767-79f9-4e2f-8ad1-30585d4bd673/,ok_reused,1,,2026-09-10T17:05:26Z
56e94501-503d-480f-96f0-354febac789e,56e94501-503d-480f-96f0-354febac789e,Katie Britt,2023-12-15,electronic_html,https://efdsearch.senate.gov/search/view/ptr/56e94501-503d-480f-96f0-354febac789e/,ok_reused,1,,2026-09-10T17:05:26Z
d4e95f06-60b2-43c5-9084-91ae10b9fde3,d4e95f06-60b2-43c5-9084-91ae10b9fde3,Thomas H Tuberville,2023-12-15,electronic_html,https://efdsearch.senate.gov/search/view/ptr/d4e95f06-60b2-43c5-9084-91ae10b9fde3/,ok_reused,13,,2026-09-10T17:05:26Z
8372e04b-ed41-41f2-a780-f4ce4db9cac0,8372e04b-ed41-41f2-a780-f4ce4db9cac0,RICHARD BLUMENTHAL,2023-12-15,paper_scan,https://efdsearch.senate.gov/search/view/paper/8372e04b-ed41-41f2-a780-f4ce4db9cac0/,paper_deferred,0,Paper filing intentionally deferred to a future project.,2026-09-10T17:05:26Z
f80f54a3-981e-4f11-8774-2a919db38389,f80f54a3-981e-4f11-8774-2a919db38389,John Boozman,2023-12-12,electronic_html,https://efdsearch.senate.gov/search/view/ptr/f80f54a3-981e-4f11-8774-2a919db38389/,ok_reused,11,,2026-09-10T17:05:26Z
f5f28f25-43fe-48f8-af40-ea83c8d6f0a9,f5f28f25-43fe-48f8-af40-ea83c8d6f0a9,Shelley M Capito,2023-12-11,electronic_html,https://efdsearch.senate.gov/search/view/ptr/f5f28f25-43fe-48f8-af40-ea83c8d6f0a9/,ok_reused,1,,2026-09-10T17:05:26Z
f23ecd4c-3174-4fba-90ae-a9a825b4a22f,f23ecd4c-3174-4fba-90ae-a9a825b4a22f,Rick Scott,2023-12-10,electronic_html,https://efdsearch.senate.gov/search/view/ptr/f23ecd4c-3174-4fba-90ae-a9a825b4a22f/,ok_reused,16,,2026-09-10T17:05:26Z
b46702f8-b4c8-4d63-8a57-fbd4399cabab,b46702f8-b4c8-4d63-8a57-fbd4399cabab,Sheldon Whitehouse,2023-12-07,electronic_html,https://efdsearch.senate.gov/search/view/ptr/b46702f8-b4c8-4d63-8a57-fbd4399cabab/,ok_reused,5,,2026-09-10T17:05:26Z
23092692-9a3b-418e-85b9-3b660a52db8c,23092692-9a3b-418e-85b9-3b660a52db8c,Gary C Peters,2023-12-01,electronic_html,https://efdsearch.senate.gov/search/view/ptr/23092692-9a3b-418e-85b9-3b660a52db8c/,ok_reused,1,,2026-09-10T17:05:26Z
1243bbc1-0185-4ede-a8e9-c15ab2b709ac,1243bbc1-0185-4ede-a8e9-c15ab2b709ac,"Angus S King, Jr.",2023-11-28,electronic_html,https://efdsearch.senate.gov/search/view/ptr/1243bbc1-0185-4ede-a8e9-c15ab2b709ac/,ok_reused,1,,2026-09-10T17:05:26Z
de3cd462-f294-4333-a9b3-cccd64e711b2,de3cd462-f294-4333-a9b3-cccd64e711b2,Tina Smith,2023-11-20,electronic_html,https://efdsearch.senate.gov/search/view/ptr/de3cd462-f294-4333-a9b3-cccd64e711b2/,ok_reused,3,,2026-09-10T17:05:26Z
25e0814a-7ea9-41b7-96e6-9c59fbc8c0e3,25e0814a-7ea9-41b7-96e6-9c59fbc8c0e3,Thomas H Tuberville,2023-11-16,electronic_html,https://efdsearch.senate.gov/search/view/ptr/25e0814a-7ea9-41b7-96e6-9c59fbc8c0e3/,ok_reused,87,,2026-09-10T17:05:26Z
c1adc02c-a9f6-4643-a4e8-43bf67c0d620,c1adc02c-a9f6-4643-a4e8-43bf67c0d620,John Boozman,2023-11-07,electronic_html,https://efdsearch.senate.gov/search/view/ptr/c1adc02c-a9f6-4643-a4e8-43bf67c0d620/,ok_reused,1,,2026-09-10T17:05:26Z
7c54bfd2-2445-4cae-96b1-1188ae921230,7c54bfd2-2445-4cae-96b1-1188ae921230,John P Ricketts,2023-10-20,electronic_html,https://efdsearch.senate.gov/search/view/ptr/7c54bfd2-2445-4cae-96b1-1188ae921230/,ok_reused,25,,2026-09-10T17:05:26Z
dc545c54-6034-406d-9af3-43ad7bd29cda,dc545c54-6034-406d-9af3-43ad7bd29cda,"William F Hagerty, IV",2023-10-18,electronic_html,https://efdsearch.senate.gov/search/view/ptr/dc545c54-6034-406d-9af3-43ad7bd29cda/,ok_reused,2,,2026-09-10T17:05:26Z
7b5ea4a8-cef8-49da-a63e-a2e2a7e54590,7b5ea4a8-cef8-49da-a63e-a2e2a7e54590,Sheldon Whitehouse,2023-10-17,electronic_html,https://efdsearch.senate.gov/search/view/ptr/7b5ea4a8-cef8-49da-a63e-a2e2a7e54590/,ok_reused,17,,2026-09-10T17:05:26Z
e158755a-9569-408d-a3d6-bd3563a837df,e158755a-9569-408d-a3d6-bd3563a837df,Shelley M Capito,2023-10-14,electronic_html,https://efdsearch.senate.gov/search/view/ptr/e158755a-9569-408d-a3d6-bd3563a837df/,ok_reused,5,,2026-09-10T17:05:26Z
3eb948ba-1409-4224-86d9-1236de63d137,3eb948ba-1409-4224-86d9-1236de63d137,Thomas H Tuberville,2023-10-13,electronic_html,https://efdsearch.senate.gov/search/view/ptr/3eb948ba-1409-4224-86d9-1236de63d137/,ok_reused,25,,2026-09-10T17:05:26Z
d798a094-353b-4186-aa90-8122dd5960d1,d798a094-353b-4186-aa90-8122dd5960d1,Sheldon Whitehouse,2023-10-03,electronic_html,https://efdsearch.senate.gov/search/view/ptr/d798a094-353b-4186-aa90-8122dd5960d1/,ok_reused,2,,2026-09-10T17:05:26Z
f9252211-a695-4c37-869a-0e223fce8d88,f9252211-a695-4c37-869a-0e223fce8d88,Daniel S Sullivan,2023-09-22,electronic_html,https://efdsearch.senate.gov/search/view/ptr/f9252211-a695-4c37-869a-0e223fce8d88/,ok_reused,33,,2026-09-10T17:05:26Z
7ebf3c9c-8caf-4b75-8150-e0975727eed8,7ebf3c9c-8caf-4b75-8150-e0975727eed8,RICHARD BLUMENTHAL,2023-09-19,paper_scan,https://efdsearch.senate.gov/search/view/paper/7ebf3c9c-8caf-4b75-8150-e0975727eed8/,paper_deferred,0,Paper filing intentionally deferred to a future project.,2026-09-10T17:05:26Z
026ff795-7e4d-446b-aff2-8d01be09e318,026ff795-7e4d-446b-aff2-8d01be09e318,Katie Britt,2023-09-18,electronic_html,https://efdsearch.senate.gov/search/view/ptr/026ff795-7e4d-446b-aff2-8d01be09e318/,ok_reused,1,,2026-09-10T17:05:26Z
58c402ff-7995-4e0a-809d-b08544832300,58c402ff-7995-4e0a-809d-b08544832300,Daniel S Sullivan,2023-09-18,electronic_html,https://efdsearch.senate.gov/search/view/ptr/58c402ff-7995-4e0a-809d-b08544832300/,ok_reused,33,,2026-09-10T17:05:26Z
50d15e98-196c-4b71-8175-dcf9b92481d8,50d15e98-196c-4b71-8175-dcf9b92481d8,Thomas H Tuberville,2023-09-15,electronic_html,https://efdsearch.senate.gov/search/view/ptr/50d15e98-196c-4b71-8175-dcf9b92481d8/,ok_reused,19,,2026-09-10T17:05:26Z
3fbf28e0-d8fa-4f01-a605-eca8e912dde8,3fbf28e0-d8fa-4f01-a605-eca8e912dde8,Rick Scott,2023-09-15,electronic_html,https://efdsearch.senate.gov/search/view/ptr/3fbf28e0-d8fa-4f01-a605-eca8e912dde8/,ok_reused,3,,2026-09-10T17:05:26Z
14405c0d-7a4a-4c50-a5dd-375441a0f996,14405c0d-7a4a-4c50-a5dd-375441a0f996,"A. Mitchell McConnell, Jr.",2023-09-15,electronic_html,https://efdsearch.senate.gov/search/view/ptr/14405c0d-7a4a-4c50-a5dd-375441a0f996/,ok_reused,1,,2026-09-10T17:05:26Z
905a4b13-f6e9-4edf-8558-ddc5122e8062,905a4b13-f6e9-4edf-8558-ddc5122e8062,Shelley M Capito,2023-09-15,electronic_html,https://efdsearch.senate.gov/search/view/ptr/905a4b13-f6e9-4edf-8558-ddc5122e8062/,ok_reused,5,,2026-09-10T17:05:26Z
b5ce3c9a-ef28-4e18-8769-20a38abc25d1,b5ce3c9a-ef28-4e18-8769-20a38abc25d1,Mark R Warner,2023-09-12,electronic_html,https://efdsearch.senate.gov/search/view/ptr/b5ce3c9a-ef28-4e18-8769-20a38abc25d1/,ok_reused,1,,2026-09-10T17:05:26Z
a85f356c-5d2f-4b83-9262-774af3e97e46,a85f356c-5d2f-4b83-9262-774af3e97e46,John Boozman,2023-09-07,electronic_html,https://efdsearch.senate.gov/search/view/ptr/a85f356c-5d2f-4b83-9262-774af3e97e46/,ok_reused,2,,2026-09-10T17:05:26Z
129f391b-9bb5-4ed3-a1ce-6b4e3e2a34c9,129f391b-9bb5-4ed3-a1ce-6b4e3e2a34c9,Roger W Marshall,2023-09-06,electronic_html,https://efdsearch.senate.gov/search/view/ptr/129f391b-9bb5-4ed3-a1ce-6b4e3e2a34c9/,ok_reused,1,,2026-09-10T17:05:26Z
f805b510-6697-47ac-a54c-91449afcc3be,f805b510-6697-47ac-a54c-91449afcc3be,RICHARD BLUMENTHAL,2023-09-05,paper_scan,https://efdsearch.senate.gov/search/view/paper/f805b510-6697-47ac-a54c-91449afcc3be/,paper_deferred,0,Paper filing intentionally deferred to a future project.,2026-09-10T17:05:26Z
90faa158-bcfe-403f-807f-1ff21fb3275f,90faa158-bcfe-403f-807f-1ff21fb3275f,"A. Mitchell McConnell, Jr.",2023-08-31,electronic_html,https://efdsearch.senate.gov/search/view/ptr/90faa158-bcfe-403f-807f-1ff21fb3275f/,ok_reused,1,,2026-09-10T17:05:26Z
c6821127-de2d-4e81-ada0-1b26b047a35d,c6821127-de2d-4e81-ada0-1b26b047a35d,Gary C Peters,2023-08-29,electronic_html,https://efdsearch.senate.gov/search/view/ptr/c6821127-de2d-4e81-ada0-1b26b047a35d/,ok_reused,1,,2026-09-10T17:05:26Z
85d6ffc4-9aab-4548-ae3a-439fb20a9ccc,85d6ffc4-9aab-4548-ae3a-439fb20a9ccc,JOHN BOOZMAN,2023-08-21,paper_scan,https://efdsearch.senate.gov/search/view/paper/85d6ffc4-9aab-4548-ae3a-439fb20a9ccc/,paper_deferred,0,Paper filing intentionally deferred to a future project.,2026-09-10T17:05:26Z
5506edae-7d2f-4c33-a22e-7971200c6f0d,5506edae-7d2f-4c33-a22e-7971200c6f0d,"William F Hagerty, IV",2023-08-14,electronic_html,https://efdsearch.senate.gov/search/view/ptr/5506edae-7d2f-4c33-a22e-7971200c6f0d/,ok_reused,1,,2026-09-10T17:05:26Z
9d268a6e-94c2-48c5-9db9-79f3eaa75d25,9d268a6e-94c2-48c5-9db9-79f3eaa75d25,Thomas H Tuberville,2023-08-14,electronic_html,https://efdsearch.senate.gov/search/view/ptr/9d268a6e-94c2-48c5-9db9-79f3eaa75d25/,ok_reused,33,,2026-09-10T17:05:26Z
5e3f0c2c-fff4-46b0-b29b-a6fe3fc87b61,5e3f0c2c-fff4-46b0-b29b-a6fe3fc87b61,RICHARD BLUMENTHAL,2023-08-07,paper_scan,https://efdsearch.senate.gov/search/view/paper/5e3f0c2c-fff4-46b0-b29b-a6fe3fc87b61/,paper_deferred,0,Paper filing intentionally deferred to a future project.,2026-09-10T17:05:26Z
016757b7-4990-4541-a2e6-3058ea8b0bfe,016757b7-4990-4541-a2e6-3058ea8b0bfe,Daniel S Sullivan,2023-07-26,electronic_html,https://efdsearch.senate.gov/search/view/ptr/016757b7-4990-4541-a2e6-3058ea8b0bfe/,ok_reused,17,,2026-09-10T17:05:26Z
8af46e43-23ee-40b9-8018-b8a2f90de99b,8af46e43-23ee-40b9-8018-b8a2f90de99b,Shelley M Capito,2023-07-17,electronic_html,https://efdsearch.senate.gov/search/view/ptr/8af46e43-23ee-40b9-8018-b8a2f90de99b/,ok_reused,8,,2026-09-10T17:05:26Z
2d6428b6-c786-4e23-958f-a9d887b893d7,2d6428b6-c786-4e23-958f-a9d887b893d7,Thomas R Tillis,2023-07-15,electronic_html,https://efdsearch.senate.gov/search/view/ptr/2d6428b6-c786-4e23-958f-a9d887b893d7/,ok_reused,1,,2026-09-10T17:05:26Z
90e958fd-45d3-422f-b33e-935092384205,90e958fd-45d3-422f-b33e-935092384205,Thomas H Tuberville,2023-07-14,electronic_html,https://efdsearch.senate.gov/search/view/ptr/90e958fd-45d3-422f-b33e-935092384205/,ok_reused,43,,2026-09-10T17:05:26Z
ab1c52c9-9881-4142-81a1-4081210c40a0,ab1c52c9-9881-4142-81a1-4081210c40a0,JOHN BOOZMAN,2023-07-12,paper_scan,https://efdsearch.senate.gov/search/view/paper/ab1c52c9-9881-4142-81a1-4081210c40a0/,paper_deferred,0,Paper filing intentionally deferred to a future project.,2026-09-10T17:05:26Z
45b4a191-b18e-4a4b-89cd-d92bc5edd777,45b4a191-b18e-4a4b-89cd-d92bc5edd777,RICHARD BLUMENTHAL,2023-07-11,paper_scan,https://efdsearch.senate.gov/search/view/paper/45b4a191-b18e-4a4b-89cd-d92bc5edd777/,paper_deferred,0,Paper filing intentionally deferred to a future project.,2026-09-10T17:05:26Z
f1af8e74-b65e-4886-9361-bc13bd413bc8,f1af8e74-b65e-4886-9361-bc13bd413bc8,Gary C Peters,2023-06-30,electronic_html,https://efdsearch.senate.gov/search/view/ptr/f1af8e74-b65e-4886-9361-bc13bd413bc8/,ok_reused,1,,2026-09-10T17:05:26Z
0165d493-3c0e-4404-a4f0-dd99c1f95160,0165d493-3c0e-4404-a4f0-dd99c1f95160,"Angus S King, Jr.",2023-06-20,electronic_html,https://efdsearch.senate.gov/search/view/ptr/0165d493-3c0e-4404-a4f0-dd99c1f95160/,ok_reused,1,,2026-09-10T17:05:26Z
fca2d837-22ec-457d-914a-45debad43294,fca2d837-22ec-457d-914a-45debad43294,John W Hickenlooper,2023-06-15,electronic_html,https://efdsearch.senate.gov/search/view/ptr/fca2d837-22ec-457d-914a-45debad43294/,ok_reused,5,,2026-09-10T17:05:26Z
da5e8124-07be-4e4a-8bb8-82dc7331e90c,da5e8124-07be-4e4a-8bb8-82dc7331e90c,Thomas H Tuberville,2023-06-15,electronic_html,https://efdsearch.senate.gov/search/view/ptr/da5e8124-07be-4e4a-8bb8-82dc7331e90c/,ok_reused,50,,2026-09-10T17:05:26Z
024c859b-2886-4edf-90b0-4c9449ec2648,024c859b-2886-4edf-90b0-4c9449ec2648,Shelley M Capito,2023-06-14,electronic_html,https://efdsearch.senate.gov/search/view/ptr/024c859b-2886-4edf-90b0-4c9449ec2648/,ok_reused,4,,2026-09-10T17:05:26Z
6d943dc9-5d3f-467a-8a6b-133eb6440190,6d943dc9-5d3f-467a-8a6b-133eb6440190,"A. Mitchell McConnell, Jr.",2023-06-14,electronic_html,https://efdsearch.senate.gov/search/view/ptr/6d943dc9-5d3f-467a-8a6b-133eb6440190/,ok_reused,1,,2026-09-10T17:05:26Z
feaa20dd-677f-40a4-ba7d-e0d64a61b665,feaa20dd-677f-40a4-ba7d-e0d64a61b665,RICHARD BLUMENTHAL,2023-06-14,paper_scan,https://efdsearch.senate.gov/search/view/paper/feaa20dd-677f-40a4-ba7d-e0d64a61b665/,paper_deferred,0,Paper filing intentionally deferred to a future project.,2026-09-10T17:05:26Z
7ec5049f-bfd4-4402-b516-1bdc2f50147f,7ec5049f-bfd4-4402-b516-1bdc2f50147f,JOHN BOOZMAN,2023-05-26,paper_scan,https://efdsearch.senate.gov/search/view/paper/7ec5049f-bfd4-4402-b516-1bdc2f50147f/,paper_deferred,0,Paper filing intentionally deferred to a future project.,2026-09-10T17:05:26Z
9fc025a0-f893-47b2-9252-a2820737a409,9fc025a0-f893-47b2-9252-a2820737a409,Sheldon Whitehouse,2023-05-17,electronic_html,https://efdsearch.senate.gov/search/view/ptr/9fc025a0-f893-47b2-9252-a2820737a409/,ok_reused,2,,2026-09-10T17:05:26Z
f590a331-1f74-4d08-b79f-88930593f314,f590a331-1f74-4d08-b79f-88930593f314,Michael F Bennet,2023-05-16,electronic_html,https://efdsearch.senate.gov/search/view/ptr/f590a331-1f74-4d08-b79f-88930593f314/,ok_reused,1,,2026-09-10T17:05:26Z
1fd6d368-0262-4c40-bc47-1fff0f8a3ae6,1fd6d368-0262-4c40-bc47-1fff0f8a3ae6,John W Hickenlooper,2023-05-15,electronic_html,https://efdsearch.senate.gov/search/view/ptr/1fd6d368-0262-4c40-bc47-1fff0f8a3ae6/,ok_reused,12,,2026-09-10T17:05:26Z
b0c8c060-b625-4ade-bea9-624c36cd54dd,b0c8c060-b625-4ade-bea9-624c36cd54dd,Ron L Wyden,2023-05-15,electronic_html,https://efdsearch.senate.gov/search/view/ptr/b0c8c060-b625-4ade-bea9-624c36cd54dd/,ok_reused,14,,2026-09-10T17:05:26Z
60987939-a116-41ee-86c2-8ba920461691,60987939-a116-41ee-86c2-8ba920461691,Shelley M Capito,2023-05-15,electronic_html,https://efdsearch.senate.gov/search/view/ptr/60987939-a116-41ee-86c2-8ba920461691/,ok_reused,3,,2026-09-10T17:05:26Z
0f75ebb1-f361-48c9-b347-b76366b49029,0f75ebb1-f361-48c9-b347-b76366b49029,Thomas H Tuberville,2023-05-12,electronic_html,https://efdsearch.senate.gov/search/view/ptr/0f75ebb1-f361-48c9-b347-b76366b49029/,ok_reused,76,,2026-09-10T17:05:26Z
d4a78d56-71f0-4658-a22e-72a8b9de1816,d4a78d56-71f0-4658-a22e-72a8b9de1816,Thomas H Tuberville,2023-05-11,electronic_html,https://efdsearch.senate.gov/search/view/ptr/d4a78d56-71f0-4658-a22e-72a8b9de1816/,ok_reused,76,,2026-09-10T17:05:26Z
7fc6c207-7c6f-4d05-aae6-1f5b2f661252,7fc6c207-7c6f-4d05-aae6-1f5b2f661252,Rick Scott,2023-05-11,electronic_html,https://efdsearch.senate.gov/search/view/ptr/7fc6c207-7c6f-4d05-aae6-1f5b2f661252/,ok_reused,4,,2026-09-10T17:05:26Z
06817610-b151-4531-9e35-0eb27b38ff59,06817610-b151-4531-9e35-0eb27b38ff59,Gary C Peters,2023-05-10,electronic_html,https://efdsearch.senate.gov/search/view/ptr/06817610-b151-4531-9e35-0eb27b38ff59/,ok_reused,2,,2026-09-10T17:05:26Z
d13dcd12-a93c-4e85-8142-be77dea149f3,d13dcd12-a93c-4e85-8142-be77dea149f3,Ladda Tammy Duckworth,2023-05-01,electronic_html,https://efdsearch.senate.gov/search/view/ptr/d13dcd12-a93c-4e85-8142-be77dea149f3/,ok_reused,1,,2026-09-10T17:05:26Z
f88cf591-1b51-412e-aff4-d36890bf3ced,f88cf591-1b51-412e-aff4-d36890bf3ced,Daniel S Sullivan,2023-04-26,electronic_html,https://efdsearch.senate.gov/search/view/ptr/f88cf591-1b51-412e-aff4-d36890bf3ced/,ok_reused,1,,2026-09-10T17:05:26Z
db14ceb9-7925-489e-99b2-003f5850eab4,db14ceb9-7925-489e-99b2-003f5850eab4,RICHARD BLUMENTHAL,2023-04-20,paper_scan,https://efdsearch.senate.gov/search/view/paper/db14ceb9-7925-489e-99b2-003f5850eab4/,paper_deferred,0,Paper filing intentionally deferred to a future project.,2026-09-10T17:05:26Z
7c840533-d541-42ab-b8ca-361a1be272d2,7c840533-d541-42ab-b8ca-361a1be272d2,Tina Smith,2023-04-19,electronic_html,https://efdsearch.senate.gov/search/view/ptr/7c840533-d541-42ab-b8ca-361a1be272d2/,ok_reused,3,,2026-09-10T17:05:26Z
4b312925-a9a6-48e1-baab-80010d8e2800,4b312925-a9a6-48e1-baab-80010d8e2800,John W Hickenlooper,2023-04-13,electronic_html,https://efdsearch.senate.gov/search/view/ptr/4b312925-a9a6-48e1-baab-80010d8e2800/,ok_reused,8,,2026-09-10T17:05:26Z
39cfdfe3-cf60-434e-ade7-953741614120,39cfdfe3-cf60-434e-ade7-953741614120,"Angus S King, Jr.",2023-04-13,electronic_html,https://efdsearch.senate.gov/search/view/ptr/39cfdfe3-cf60-434e-ade7-953741614120/,ok_reused,1,,2026-09-10T17:05:26Z
c72c43d7-f169-4954-ab54-f2b277f943bb,c72c43d7-f169-4954-ab54-f2b277f943bb,Gary C Peters,2023-04-12,electronic_html,https://efdsearch.senate.gov/search/view/ptr/c72c43d7-f169-4954-ab54-f2b277f943bb/,ok_reused,3,,2026-09-10T17:05:26Z
ea347ad9-be7e-4ccf-b353-a671bb9fd9f1,ea347ad9-be7e-4ccf-b353-a671bb9fd9f1,Thomas H Tuberville,2023-04-12,electronic_html,https://efdsearch.senate.gov/search/view/ptr/ea347ad9-be7e-4ccf-b353-a671bb9fd9f1/,ok_reused,17,,2026-09-10T17:05:26Z
c96aed47-2270-43fd-b4be-3a06edc428df,c96aed47-2270-43fd-b4be-3a06edc428df,JOHN BOOZMAN,2023-04-10,paper_scan,https://efdsearch.senate.gov/search/view/paper/c96aed47-2270-43fd-b4be-3a06edc428df/,paper_deferred,0,Paper filing intentionally deferred to a future project.,2026-09-10T17:05:26Z
4333a18b-8e9d-41e9-98e1-d73006ccfe04,4333a18b-8e9d-41e9-98e1-d73006ccfe04,"A. Mitchell McConnell, Jr.",2023-03-28,electronic_html,https://efdsearch.senate.gov/search/view/ptr/4333a18b-8e9d-41e9-98e1-d73006ccfe04/,ok_reused,1,,2026-09-10T17:05:26Z
83de647b-ddf0-49c3-bd56-8b32f23c0e78,83de647b-ddf0-49c3-bd56-8b32f23c0e78,Rick Scott,2023-03-23,electronic_html,https://efdsearch.senate.gov/search/view/ptr/83de647b-ddf0-49c3-bd56-8b32f23c0e78/,ok_reused,1,,2026-09-10T17:05:26Z
5b864c4e-fadf-49af-bdb0-e4cb3db38d21,5b864c4e-fadf-49af-bdb0-e4cb3db38d21,RICHARD BLUMENTHAL,2023-03-22,paper_scan,https://efdsearch.senate.gov/search/view/paper/5b864c4e-fadf-49af-bdb0-e4cb3db38d21/,paper_deferred,0,Paper filing intentionally deferred to a future project.,2026-09-10T17:05:26Z
58a2554f-5865-4c99-93dc-3be5490ae475,58a2554f-5865-4c99-93dc-3be5490ae475,Daniel S Sullivan,2023-03-16,electronic_html,https://efdsearch.senate.gov/search/view/ptr/58a2554f-5865-4c99-93dc-3be5490ae475/,ok_reused,4,,2026-09-10T17:05:26Z
4e5c9e79-cdd5-4fd7-92f1-889fb8c69e11,4e5c9e79-cdd5-4fd7-92f1-889fb8c69e11,Thomas H Tuberville,2023-03-14,electronic_html,https://efdsearch.senate.gov/search/view/ptr/4e5c9e79-cdd5-4fd7-92f1-889fb8c69e11/,ok_reused,2,,2026-09-10T17:05:26Z
5cffa7e6-cede-4e66-a9dd-ab13a2b78b1c,5cffa7e6-cede-4e66-a9dd-ab13a2b78b1c,Shelley M Capito,2023-03-13,electronic_html,https://efdsearch.senate.gov/search/view/ptr/5cffa7e6-cede-4e66-a9dd-ab13a2b78b1c/,ok_reused,2,,2026-09-10T17:05:26Z
7dfcd5fd-ae2e-4a52-8f54-bcfe1c4599ef,7dfcd5fd-ae2e-4a52-8f54-bcfe1c4599ef,JOHN BOOZMAN,2023-03-06,paper_scan,https://efdsearch.senate.gov/search/view/paper/7dfcd5fd-ae2e-4a52-8f54-bcfe1c4599ef/,paper_deferred,0,Paper filing intentionally deferred to a future project.,2026-09-10T17:05:26Z
dfde0f14-54a7-4191-bd4e-05e7e40d175c,dfde0f14-54a7-4191-bd4e-05e7e40d175c,Rick Scott,2023-02-24,electronic_html,https://efdsearch.senate.gov/search/view/ptr/dfde0f14-54a7-4191-bd4e-05e7e40d175c/,ok_reused,2,,2026-09-10T17:05:26Z
e3f6ea2b-56c6-4451-b518-36bb67405626,e3f6ea2b-56c6-4451-b518-36bb67405626,John P Ricketts,2023-02-17,electronic_html,https://efdsearch.senate.gov/search/view/ptr/e3f6ea2b-56c6-4451-b518-36bb67405626/,ok_reused,5,,2026-09-10T17:05:26Z
6e55b695-3727-4276-9488-e396c11a1bf1,6e55b695-3727-4276-9488-e396c11a1bf1,Gary C Peters,2023-02-16,electronic_html,https://efdsearch.senate.gov/search/view/ptr/6e55b695-3727-4276-9488-e396c11a1bf1/,ok_reused,2,,2026-09-10T17:05:26Z
9e661d3e-df11-49a3-b66d-3dc83761229d,9e661d3e-df11-49a3-b66d-3dc83761229d,Thomas H Tuberville,2023-02-14,electronic_html,https://efdsearch.senate.gov/search/view/ptr/9e661d3e-df11-49a3-b66d-3dc83761229d/,ok_reused,24,,2026-09-10T17:05:26Z
65b4f90c-0769-455b-a1d9-6b88b2380ff3,65b4f90c-0769-455b-a1d9-6b88b2380ff3,Daniel S Sullivan,2023-02-13,electronic_html,https://efdsearch.senate.gov/search/view/ptr/65b4f90c-0769-455b-a1d9-6b88b2380ff3/,ok_reused,9,,2026-09-10T17:05:26Z
a8f816e4-4530-48d0-8d61-9f2e853e93d3,a8f816e4-4530-48d0-8d61-9f2e853e93d3,Christopher A Coons,2023-02-10,electronic_html,https://efdsearch.senate.gov/search/view/ptr/a8f816e4-4530-48d0-8d61-9f2e853e93d3/,ok_reused,2,,2026-09-10T17:05:26Z
e88a2069-7bc6-4635-ae19-37fbd533a3f1,e88a2069-7bc6-4635-ae19-37fbd533a3f1,RICHARD BLUMENTHAL,2023-02-01,paper_scan,https://efdsearch.senate.gov/search/view/paper/e88a2069-7bc6-4635-ae19-37fbd533a3f1/,paper_deferred,0,Paper filing intentionally deferred to a future project.,2026-09-10T17:05:26Z
6b92f351-93e8-446a-a4d9-435bd9693d47,6b92f351-93e8-446a-a4d9-435bd9693d47,Rick Scott,2023-01-19,electronic_html,https://efdsearch.senate.gov/search/view/ptr/6b92f351-93e8-446a-a4d9-435bd9693d47/,ok_reused,7,,2026-09-10T17:05:26Z
c858ddd7-3c52-4ecb-9d0f-27ae2899d9dd,c858ddd7-3c52-4ecb-9d0f-27ae2899d9dd,"Angus S King, Jr.",2023-01-18,electronic_html,https://efdsearch.senate.gov/search/view/ptr/c858ddd7-3c52-4ecb-9d0f-27ae2899d9dd/,ok_reused,2,,2026-09-10T17:05:26Z
f5c92744-0aa0-4eda-b406-87d9d5d27190,f5c92744-0aa0-4eda-b406-87d9d5d27190,Shelley M Capito,2023-01-17,electronic_html,https://efdsearch.senate.gov/search/view/ptr/f5c92744-0aa0-4eda-b406-87d9d5d27190/,ok_reused,3,,2026-09-10T17:05:26Z
5d41d5a8-eb5b-4092-aae1-99a26f4932f2,5d41d5a8-eb5b-4092-aae1-99a26f4932f2,Maria Cantwell,2023-01-13,electronic_html,https://efdsearch.senate.gov/search/view/ptr/5d41d5a8-eb5b-4092-aae1-99a26f4932f2/,ok_reused,1,,2026-09-10T17:05:26Z
6f6c5dfb-d731-4c2c-895b-2c842918bf3e,6f6c5dfb-d731-4c2c-895b-2c842918bf3e,Thomas H Tuberville,2023-01-13,electronic_html,https://efdsearch.senate.gov/search/view/ptr/6f6c5dfb-d731-4c2c-895b-2c842918bf3e/,ok_reused,24,,2026-09-10T17:05:26Z
63e282d7-c362-49de-8c60-4e7389ab2d19,63e282d7-c362-49de-8c60-4e7389ab2d19,Jacklyn S Rosen,2023-01-11,electronic_html,https://efdsearch.senate.gov/search/view/ptr/63e282d7-c362-49de-8c60-4e7389ab2d19/,ok_reused,4,,2026-09-10T17:05:26Z
4df8548a-b058-4538-b273-ede087597a28,4df8548a-b058-4538-b273-ede087597a28,JOHN BOOZMAN,2023-01-11,paper_scan,https://efdsearch.senate.gov/search/view/paper/4df8548a-b058-4538-b273-ede087597a28/,paper_deferred,0,Paper filing intentionally deferred to a future project.,2026-09-10T17:05:26Z
517e976a-8930-4bce-9037-5d93c4cab488,517e976a-8930-4bce-9037-5d93c4cab488,Gary C Peters,2023-01-10,electronic_html,https://efdsearch.senate.gov/search/view/ptr/517e976a-8930-4bce-9037-5d93c4cab488/,ok_reused,1,,2026-09-10T17:05:26Z
44d5e494-6825-487d-9ffd-d2e7725d5cfa,44d5e494-6825-487d-9ffd-d2e7725d5cfa,Susan M Collins,2023-01-10,electronic_html,https://efdsearch.senate.gov/search/view/ptr/44d5e494-6825-487d-9ffd-d2e7725d5cfa/,ok_reused,2,,2026-09-10T17:05:26Z
53ddfdc6-dc9a-4945-af41-20de2224ae1c,53ddfdc6-dc9a-4945-af41-20de2224ae1c,Sheldon Whitehouse,2022-12-30,electronic_html,https://efdsearch.senate.gov/search/view/ptr/53ddfdc6-dc9a-4945-af41-20de2224ae1c/,ok_reused,2,,2026-09-10T17:05:26Z
adcbd2b1-63a0-4c50-b7ef-d093b34336eb,adcbd2b1-63a0-4c50-b7ef-d093b34336eb,"A. Mitchell McConnell, Jr.",2022-12-29,electronic_html,https://efdsearch.senate.gov/search/view/ptr/adcbd2b1-63a0-4c50-b7ef-d093b34336eb/,ok_reused,2,,2026-09-10T17:05:26Z
a878d31a-cc7f-4402-aea8-e2ad2847ab4c,a878d31a-cc7f-4402-aea8-e2ad2847ab4c,Rick Scott,2022-12-23,electronic_html,https://efdsearch.senate.gov/search/view/ptr/a878d31a-cc7f-4402-aea8-e2ad2847ab4c/,ok_reused,8,,2026-09-10T17:05:26Z
0acee755-ed8e-4a93-8785-9946d8c49e03,0acee755-ed8e-4a93-8785-9946d8c49e03,John W Hickenlooper,2022-12-22,electronic_html,https://efdsearch.senate.gov/search/view/ptr/0acee755-ed8e-4a93-8785-9946d8c49e03/,ok_reused,5,,2026-09-10T17:05:26Z
91384996-f2d2-4cb1-b261-43afd6b8c465,91384996-f2d2-4cb1-b261-43afd6b8c465,Daniel S Sullivan,2022-12-21,electronic_html,https://efdsearch.senate.gov/search/view/ptr/91384996-f2d2-4cb1-b261-43afd6b8c465/,ok_reused,41,,2026-09-10T17:05:26Z
7471e623-3ee6-4c58-a6ae-64aa50851b03,7471e623-3ee6-4c58-a6ae-64aa50851b03,Susan M Collins,2022-12-16,electronic_html,https://efdsearch.senate.gov/search/view/ptr/7471e623-3ee6-4c58-a6ae-64aa50851b03/,ok_reused,1,,2026-09-10T17:05:26Z
7da74f60-a4f9-42bb-9663-35bde0f9af53,7da74f60-a4f9-42bb-9663-35bde0f9af53,Thomas H Tuberville,2022-12-14,electronic_html,https://efdsearch.senate.gov/search/view/ptr/7da74f60-a4f9-42bb-9663-35bde0f9af53/,ok_reused,22,,2026-09-10T17:05:26Z
2a393d64-8daa-4b4b-9fe0-82923c3b0544,2a393d64-8daa-4b4b-9fe0-82923c3b0544,JOHN BOOZMAN,2022-12-14,paper_scan,https://efdsearch.senate.gov/search/view/paper/2a393d64-8daa-4b4b-9fe0-82923c3b0544/,paper_deferred,0,Paper filing intentionally deferred to a future project.,2026-09-10T17:05:26Z
b239e81f-3a2a-4cde-8c96-e82c84266aad,b239e81f-3a2a-4cde-8c96-e82c84266aad,Ron L Wyden,2022-12-11,electronic_html,https://efdsearch.senate.gov/search/view/ptr/b239e81f-3a2a-4cde-8c96-e82c84266aad/,ok_reused,14,,2026-09-10T17:05:26Z
e02847b3-30f1-40ae-90f0-f87752f56472,e02847b3-30f1-40ae-90f0-f87752f56472,RICHARD BLUMENTHAL,2022-11-30,paper_scan,https://efdsearch.senate.gov/search/view/paper/e02847b3-30f1-40ae-90f0-f87752f56472/,paper_deferred,0,Paper filing intentionally deferred to a future project.,2026-09-10T17:05:26Z
ee5452a8-5c24-4044-8ffa-250971a8394c,ee5452a8-5c24-4044-8ffa-250971a8394c,John W Hickenlooper,2022-11-29,electronic_html,https://efdsearch.senate.gov/search/view/ptr/ee5452a8-5c24-4044-8ffa-250971a8394c/,ok_reused,8,,2026-09-10T17:05:26Z
e96754b3-3ded-4636-94c2-dc9b0500f289,e96754b3-3ded-4636-94c2-dc9b0500f289,Rick Scott,2022-11-23,electronic_html,https://efdsearch.senate.gov/search/view/ptr/e96754b3-3ded-4636-94c2-dc9b0500f289/,ok_reused,18,,2026-09-10T17:05:26Z
3e37ef80-caff-4b2a-a6dd-ba4f557fd3f4,3e37ef80-caff-4b2a-a6dd-ba4f557fd3f4,Shelley M Capito,2022-11-13,electronic_html,https://efdsearch.senate.gov/search/view/ptr/3e37ef80-caff-4b2a-a6dd-ba4f557fd3f4/,ok_reused,10,,2026-09-10T17:05:26Z
dc79907d-3b7a-4a2e-9a3d-e8f1625c70f6,dc79907d-3b7a-4a2e-9a3d-e8f1625c70f6,Shelley M Capito,2022-11-13,electronic_html,https://efdsearch.senate.gov/search/view/ptr/dc79907d-3b7a-4a2e-9a3d-e8f1625c70f6/,ok_reused,10,,2026-09-10T17:05:26Z
bdd81552-894d-4dc5-b1f3-9fe349529bf8,bdd81552-894d-4dc5-b1f3-9fe349529bf8,Thomas H Tuberville,2022-11-10,electronic_html,https://efdsearch.senate.gov/search/view/ptr/bdd81552-894d-4dc5-b1f3-9fe349529bf8/,ok_reused,69,,2026-09-10T17:05:26Z
6b63ba3f-2f97-4e8e-8e64-4043d29fe10e,6b63ba3f-2f97-4e8e-8e64-4043d29fe10e,JOHN BOOZMAN,2022-11-10,paper_scan,https://efdsearch.senate.gov/search/view/paper/6b63ba3f-2f97-4e8e-8e64-4043d29fe10e/,paper_deferred,0,Paper filing intentionally deferred to a future project.,2026-09-10T17:05:26Z
ebb82d27-2e1d-4c9f-baab-227c08aaf29a,ebb82d27-2e1d-4c9f-baab-227c08aaf29a,Daniel S Sullivan,2022-11-03,electronic_html,https://efdsearch.senate.gov/search/view/ptr/ebb82d27-2e1d-4c9f-baab-227c08aaf29a/,ok_reused,2,,2026-09-10T17:05:26Z
b353bbdc-ec37-4048-a7a9-9b4c94a58c7a,b353bbdc-ec37-4048-a7a9-9b4c94a58c7a,Rick Scott,2022-10-28,electronic_html,https://efdsearch.senate.gov/search/view/ptr/b353bbdc-ec37-4048-a7a9-9b4c94a58c7a/,ok_reused,3,,2026-09-10T17:05:26Z
3d1b3c85-7b41-4183-89d6-aec3600db2a1,3d1b3c85-7b41-4183-89d6-aec3600db2a1,Michael F Bennet,2022-10-18,electronic_html,https://efdsearch.senate.gov/search/view/ptr/3d1b3c85-7b41-4183-89d6-aec3600db2a1/,ok_reused,1,,2026-09-10T17:05:26Z
27166ff1-200c-49ab-a4cf-52c6d5fb235a,27166ff1-200c-49ab-a4cf-52c6d5fb235a,Tina Smith,2022-10-17,electronic_html,https://efdsearch.senate.gov/search/view/ptr/27166ff1-200c-49ab-a4cf-52c6d5fb235a/,ok_reused,1,,2026-09-10T17:05:26Z
94a6e892-6680-4235-a4b8-655e96e2fe71,94a6e892-6680-4235-a4b8-655e96e2fe71,Thomas H Tuberville,2022-10-12,electronic_html,https://efdsearch.senate.gov/search/view/ptr/94a6e892-6680-4235-a4b8-655e96e2fe71/,ok_reused,12,,2026-09-10T17:05:26Z
5d1db106-16dc-4cfa-bbdd-bca6f03dd5bd,5d1db106-16dc-4cfa-bbdd-bca6f03dd5bd,JOHN BOOZMAN,2022-10-07,paper_scan,https://efdsearch.senate.gov/search/view/paper/5d1db106-16dc-4cfa-bbdd-bca6f03dd5bd/,paper_deferred,0,Paper filing intentionally deferred to a future project.,2026-09-10T17:05:26Z
77237d34-d0f2-4336-a25c-91fd0b107e14,77237d34-d0f2-4336-a25c-91fd0b107e14,RICHARD BLUMENTHAL,2022-10-05,paper_scan,https://efdsearch.senate.gov/search/view/paper/77237d34-d0f2-4336-a25c-91fd0b107e14/,paper_deferred,0,Paper filing intentionally deferred to a future project.,2026-09-10T17:05:26Z
58bcf2b9-00ff-43aa-a1f5-e8655290b69b,58bcf2b9-00ff-43aa-a1f5-e8655290b69b,"A. Mitchell McConnell, Jr.",2022-09-26,electronic_html,https://efdsearch.senate.gov/search/view/ptr/58bcf2b9-00ff-43aa-a1f5-e8655290b69b/,ok_reused,1,,2026-09-10T17:05:26Z
7c29d4eb-ec9a-4a28-b1ba-7067fe97afc3,7c29d4eb-ec9a-4a28-b1ba-7067fe97afc3,Susan M Collins,2022-09-16,electronic_html,https://efdsearch.senate.gov/search/view/ptr/7c29d4eb-ec9a-4a28-b1ba-7067fe97afc3/,ok_reused,1,,2026-09-10T17:05:26Z
7718a62c-639e-4cf9-bcb8-00eb421ac444,7718a62c-639e-4cf9-bcb8-00eb421ac444,Thomas H Tuberville,2022-09-15,electronic_html,https://efdsearch.senate.gov/search/view/ptr/7718a62c-639e-4cf9-bcb8-00eb421ac444/,ok_reused,37,,2026-09-10T17:05:26Z
7f733a14-a6be-4cc1-af27-c4f059fedb3f,7f733a14-a6be-4cc1-af27-c4f059fedb3f,RICHARD BLUMENTHAL,2022-09-07,paper_scan,https://efdsearch.senate.gov/search/view/paper/7f733a14-a6be-4cc1-af27-c4f059fedb3f/,paper_deferred,0,Paper filing intentionally deferred to a future project.,2026-09-10T17:05:26Z
41063ac9-dfc3-4b5b-b43d-7bd012bae17e,41063ac9-dfc3-4b5b-b43d-7bd012bae17e,"William F Hagerty, IV",2022-09-02,electronic_html,https://efdsearch.senate.gov/search/view/ptr/41063ac9-dfc3-4b5b-b43d-7bd012bae17e/,ok_reused,1,,2026-09-10T17:05:26Z
56ee8988-3c92-4408-a148-e65a0f4c3576,56ee8988-3c92-4408-a148-e65a0f4c3576,JOHN BOOZMAN,2022-08-25,paper_scan,https://efdsearch.senate.gov/search/view/paper/56ee8988-3c92-4408-a148-e65a0f4c3576/,paper_deferred,0,Paper filing intentionally deferred to a future project.,2026-09-10T17:05:26Z
a2d04863-1aae-4d0d-9147-1de6d28f6be4,a2d04863-1aae-4d0d-9147-1de6d28f6be4,Gary C Peters,2022-08-22,electronic_html,https://efdsearch.senate.gov/search/view/ptr/a2d04863-1aae-4d0d-9147-1de6d28f6be4/,ok_reused,1,,2026-09-10T17:05:26Z
64bae1ca-56a7-46cb-b6b1-19c49af27fc3,64bae1ca-56a7-46cb-b6b1-19c49af27fc3,John W Hickenlooper,2022-08-19,electronic_html,https://efdsearch.senate.gov/search/view/ptr/64bae1ca-56a7-46cb-b6b1-19c49af27fc3/,ok_reused,2,,2026-09-10T17:05:26Z
da98ff4a-4e03-4e8a-a824-c50a93e4a267,da98ff4a-4e03-4e8a-a824-c50a93e4a267,Mark R Warner,2022-08-18,electronic_html,https://efdsearch.senate.gov/search/view/ptr/da98ff4a-4e03-4e8a-a824-c50a93e4a267/,ok_reused,1,,2026-09-10T17:05:26Z
8ac1ad57-0e4e-4c79-bccb-0d9145d7461b,8ac1ad57-0e4e-4c79-bccb-0d9145d7461b,Rick Scott,2022-08-15,electronic_html,https://efdsearch.senate.gov/search/view/ptr/8ac1ad57-0e4e-4c79-bccb-0d9145d7461b/,ok_reused,5,,2026-09-10T17:05:26Z
213f297e-85a8-45ce-9d16-6154ccd71fde,213f297e-85a8-45ce-9d16-6154ccd71fde,Thomas H Tuberville,2022-08-15,electronic_html,https://efdsearch.senate.gov/search/view/ptr/213f297e-85a8-45ce-9d16-6154ccd71fde/,ok_reused,8,,2026-09-10T17:05:26Z
94260020-c950-467c-82cd-d03e18bcf36b,94260020-c950-467c-82cd-d03e18bcf36b,Shelley M Capito,2022-08-10,electronic_html,https://efdsearch.senate.gov/search/view/ptr/94260020-c950-467c-82cd-d03e18bcf36b/,ok_reused,2,,2026-09-10T17:05:26Z
802a6462-e067-42f3-b3d3-6a2071b21198,802a6462-e067-42f3-b3d3-6a2071b21198,RICHARD BLUMENTHAL,2022-07-27,paper_scan,https://efdsearch.senate.gov/search/view/paper/802a6462-e067-42f3-b3d3-6a2071b21198/,paper_deferred,0,Paper filing intentionally deferred to a future project.,2026-09-10T17:05:26Z
dd07f9c3-7244-4a84-8b97-55c68f381c31,dd07f9c3-7244-4a84-8b97-55c68f381c31,Debra S Fischer,2022-07-20,electronic_html,https://efdsearch.senate.gov/search/view/ptr/dd07f9c3-7244-4a84-8b97-55c68f381c31/,ok_reused,4,,2026-09-10T17:05:26Z
a285e53c-f72f-4bbb-afaf-0c19ce7e0c5a,a285e53c-f72f-4bbb-afaf-0c19ce7e0c5a,"William F Hagerty, IV",2022-07-20,electronic_html,https://efdsearch.senate.gov/search/view/ptr/a285e53c-f72f-4bbb-afaf-0c19ce7e0c5a/,ok_reused,3,,2026-09-10T17:05:26Z
a2384543-f25f-427f-8935-853f6c6dcfd7,a2384543-f25f-427f-8935-853f6c6dcfd7,JOHN BOOZMAN,2022-07-20,paper_scan,https://efdsearch.senate.gov/search/view/paper/a2384543-f25f-427f-8935-853f6c6dcfd7/,paper_deferred,0,Paper filing intentionally deferred to a future project.,2026-09-10T17:05:26Z
3ec54964-5549-470b-bdcc-da34d2ddf5c2,3ec54964-5549-470b-bdcc-da34d2ddf5c2,Shelley M Capito,2022-07-15,electronic_html,https://efdsearch.senate.gov/search/view/ptr/3ec54964-5549-470b-bdcc-da34d2ddf5c2/,ok_reused,9,,2026-09-10T17:05:26Z
1d4c2a70-18ec-4a6a-a524-707e6c937aca,1d4c2a70-18ec-4a6a-a524-707e6c937aca,Daniel S Sullivan,2022-07-14,electronic_html,https://efdsearch.senate.gov/search/view/ptr/1d4c2a70-18ec-4a6a-a524-707e6c937aca/,ok_reused,1,,2026-09-10T17:05:26Z
07515a5e-e784-4a94-93d7-98c916cb0df2,07515a5e-e784-4a94-93d7-98c916cb0df2,"William F Hagerty, IV",2022-07-13,electronic_html,https://efdsearch.senate.gov/search/view/ptr/07515a5e-e784-4a94-93d7-98c916cb0df2/,ok_reused,4,,2026-09-10T17:05:26Z
3c3a2143-08cd-4dbb-b217-2b2c76133ce5,3c3a2143-08cd-4dbb-b217-2b2c76133ce5,Thomas H Tuberville,2022-07-13,electronic_html,https://efdsearch.senate.gov/search/view/ptr/3c3a2143-08cd-4dbb-b217-2b2c76133ce5/,ok_reused,37,,2026-09-10T17:05:26Z
8ddf0001-ba8d-4c25-b970-556e8d44149c,8ddf0001-ba8d-4c25-b970-556e8d44149c,Rick Scott,2022-06-16,electronic_html,https://efdsearch.senate.gov/search/view/ptr/8ddf0001-ba8d-4c25-b970-556e8d44149c/,ok_reused,1,,2026-09-10T17:05:26Z
f86c5e38-2281-4197-9c09-1aa5bef13c16,f86c5e38-2281-4197-9c09-1aa5bef13c16,John W Hickenlooper,2022-06-13,electronic_html,https://efdsearch.senate.gov/search/view/ptr/f86c5e38-2281-4197-9c09-1aa5bef13c16/,ok_reused,19,,2026-09-10T17:05:26Z
40602988-914b-49a7-b7d7-e82d7b0364b2,40602988-914b-49a7-b7d7-e82d7b0364b2,Thomas H Tuberville,2022-06-13,electronic_html,https://efdsearch.senate.gov/search/view/ptr/40602988-914b-49a7-b7d7-e82d7b0364b2/,ok_reused,7,,2026-09-10T17:05:26Z
5ed49813-1cfe-42fc-8235-9da7d7a21051,5ed49813-1cfe-42fc-8235-9da7d7a21051,"A. Mitchell McConnell, Jr.",2022-06-13,electronic_html,https://efdsearch.senate.gov/search/view/ptr/5ed49813-1cfe-42fc-8235-9da7d7a21051/,ok_reused,1,,2026-09-10T17:05:26Z
c134c6ea-d9e6-4a53-a84f-4cddf20545fe,c134c6ea-d9e6-4a53-a84f-4cddf20545fe,Shelley M Capito,2022-06-12,electronic_html,https://efdsearch.senate.gov/search/view/ptr/c134c6ea-d9e6-4a53-a84f-4cddf20545fe/,ok_reused,2,,2026-09-10T17:05:26Z
0c238ab7-cc33-40bd-b590-71b96409887e,0c238ab7-cc33-40bd-b590-71b96409887e,JOHN BOOZMAN,2022-06-08,paper_scan,https://efdsearch.senate.gov/search/view/paper/0c238ab7-cc33-40bd-b590-71b96409887e/,paper_deferred,0,Paper filing intentionally deferred to a future project.,2026-09-10T17:05:26Z
23551b1d-69dc-4622-9c3c-304ba11d4047,23551b1d-69dc-4622-9c3c-304ba11d4047,RICHARD BLUMENTHAL,2022-06-07,paper_scan,https://efdsearch.senate.gov/search/view/paper/23551b1d-69dc-4622-9c3c-304ba11d4047/,paper_deferred,0,Paper filing intentionally deferred to a future project.,2026-09-10T17:05:26Z
f8a77a14-e152-4e88-ac79-ccf069b7a356,f8a77a14-e152-4e88-ac79-ccf069b7a356,Sheldon Whitehouse,2022-05-24,electronic_html,https://efdsearch.senate.gov/search/view/ptr/f8a77a14-e152-4e88-ac79-ccf069b7a356/,ok_reused,2,,2026-09-10T17:05:26Z
185eedae-ceda-4e66-b427-b8924f408b00,185eedae-ceda-4e66-b427-b8924f408b00,Gary C Peters,2022-05-16,electronic_html,https://efdsearch.senate.gov/search/view/ptr/185eedae-ceda-4e66-b427-b8924f408b00/,ok_reused,1,,2026-09-10T17:05:26Z
9b809dc9-35a0-441f-a513-c3317ecedd55,9b809dc9-35a0-441f-a513-c3317ecedd55,John W Hickenlooper,2022-05-16,electronic_html,https://efdsearch.senate.gov/search/view/ptr/9b809dc9-35a0-441f-a513-c3317ecedd55/,ok_reused,5,,2026-09-10T17:05:26Z
5286dd41-6735-41b0-be8f-374d874c3ea3,5286dd41-6735-41b0-be8f-374d874c3ea3,"William F Hagerty, IV",2022-05-16,electronic_html,https://efdsearch.senate.gov/search/view/ptr/5286dd41-6735-41b0-be8f-374d874c3ea3/,ok_reused,5,,2026-09-10T17:05:26Z
6c81e400-b184-4eb3-80e7-eb91f8b5a609,6c81e400-b184-4eb3-80e7-eb91f8b5a609,Susan M Collins,2022-05-16,electronic_html,https://efdsearch.senate.gov/search/view/ptr/6c81e400-b184-4eb3-80e7-eb91f8b5a609/,ok_reused,1,,2026-09-10T17:05:26Z
1d3a7fe5-fb35-4229-8ec2-f2caac84bb02,1d3a7fe5-fb35-4229-8ec2-f2caac84bb02,Tina Smith,2022-05-16,electronic_html,https://efdsearch.senate.gov/search/view/ptr/1d3a7fe5-fb35-4229-8ec2-f2caac84bb02/,ok_reused,1,,2026-09-10T17:05:26Z
74522dfd-7573-4918-bef7-dc2b09f172fc,74522dfd-7573-4918-bef7-dc2b09f172fc,Thomas H Tuberville,2022-05-13,electronic_html,https://efdsearch.senate.gov/search/view/ptr/74522dfd-7573-4918-bef7-dc2b09f172fc/,ok_reused,10,,2026-09-10T17:05:26Z
de8c4e8a-36e6-4f7d-aec6-e6b5a8732e9a,de8c4e8a-36e6-4f7d-aec6-e6b5a8732e9a,John R Thune,2022-05-12,electronic_html,https://efdsearch.senate.gov/search/view/ptr/de8c4e8a-36e6-4f7d-aec6-e6b5a8732e9a/,ok_reused,1,,2026-09-10T17:05:26Z
bf71ee8a-8362-4e9d-833b-145c63d97f82,bf71ee8a-8362-4e9d-833b-145c63d97f82,JOHN BOOZMAN,2022-05-12,paper_scan,https://efdsearch.senate.gov/search/view/paper/bf71ee8a-8362-4e9d-833b-145c63d97f82/,paper_deferred,0,Paper filing intentionally deferred to a future project.,2026-09-10T17:05:26Z
f2d4cf6d-210e-4e00-a176-83879439cae0,f2d4cf6d-210e-4e00-a176-83879439cae0,Gary C Peters,2022-05-11,electronic_html,https://efdsearch.senate.gov/search/view/ptr/f2d4cf6d-210e-4e00-a176-83879439cae0/,ok_reused,1,,2026-09-10T17:05:26Z
5409750e-79c5-48c6-9015-b3d7523c2f18,5409750e-79c5-48c6-9015-b3d7523c2f18,Rick Scott,2022-05-05,electronic_html,https://efdsearch.senate.gov/search/view/ptr/5409750e-79c5-48c6-9015-b3d7523c2f18/,ok_reused,3,,2026-09-10T17:05:26Z
8edc0f02-be98-47ca-a4a4-0faa1c0f55da,8edc0f02-be98-47ca-a4a4-0faa1c0f55da,Christopher A Coons,2022-05-03,electronic_html,https://efdsearch.senate.gov/search/view/ptr/8edc0f02-be98-47ca-a4a4-0faa1c0f55da/,ok_reused,1,,2026-09-10T17:05:26Z
19d089ab-729e-4b52-95c4-585a9b085b55,19d089ab-729e-4b52-95c4-585a9b085b55,RICHARD BLUMENTHAL,2022-04-26,paper_scan,https://efdsearch.senate.gov/search/view/paper/19d089ab-729e-4b52-95c4-585a9b085b55/,paper_deferred,0,Paper filing intentionally deferred to a future project.,2026-09-10T17:05:26Z
ef10027d-4041-4ecd-8c9a-f988371ab897,ef10027d-4041-4ecd-8c9a-f988371ab897,Jacklyn S Rosen,2022-04-21,electronic_html,https://efdsearch.senate.gov/search/view/ptr/ef10027d-4041-4ecd-8c9a-f988371ab897/,ok_reused,4,,2026-09-10T17:05:26Z
c1e81cf0-c49f-444e-b387-c12f3b0170fd,c1e81cf0-c49f-444e-b387-c12f3b0170fd,Tina Smith,2022-04-20,electronic_html,https://efdsearch.senate.gov/search/view/ptr/c1e81cf0-c49f-444e-b387-c12f3b0170fd/,ok_reused,1,,2026-09-10T17:05:26Z
3520c9a8-d39c-4f03-95ac-3a24e345444f,3520c9a8-d39c-4f03-95ac-3a24e345444f,"William F Hagerty, IV",2022-04-13,electronic_html,https://efdsearch.senate.gov/search/view/ptr/3520c9a8-d39c-4f03-95ac-3a24e345444f/,ok_reused,1,,2026-09-10T17:05:26Z
0f1deb54-a350-4646-9365-899394573269,0f1deb54-a350-4646-9365-899394573269,Thomas H Tuberville,2022-04-08,electronic_html,https://efdsearch.senate.gov/search/view/ptr/0f1deb54-a350-4646-9365-899394573269/,ok_reused,65,,2026-09-10T17:05:26Z
90f6d409-977f-4c76-858b-c22e09759f54,90f6d409-977f-4c76-858b-c22e09759f54,Daniel S Sullivan,2022-04-07,electronic_html,https://efdsearch.senate.gov/search/view/ptr/90f6d409-977f-4c76-858b-c22e09759f54/,ok_reused,1,,2026-09-10T17:05:26Z
008c8224-f7ef-4a01-8cd2-8b92ca71d0c5,008c8224-f7ef-4a01-8cd2-8b92ca71d0c5,JOHN BOOZMAN,2022-04-07,paper_scan,https://efdsearch.senate.gov/search/view/paper/008c8224-f7ef-4a01-8cd2-8b92ca71d0c5/,paper_deferred,0,Paper filing intentionally deferred to a future project.,2026-09-10T17:05:26Z
b21b9cd6-fd14-441c-8d7e-3f9193befb82,b21b9cd6-fd14-441c-8d7e-3f9193befb82,"William F Hagerty, IV",2022-03-29,electronic_html,https://efdsearch.senate.gov/search/view/ptr/b21b9cd6-fd14-441c-8d7e-3f9193befb82/,ok_reused,8,,2026-09-10T17:05:26Z
3f548fd9-50f8-47a3-826a-17d562db6065,3f548fd9-50f8-47a3-826a-17d562db6065,Rick Scott,2022-03-25,electronic_html,https://efdsearch.senate.gov/search/view/ptr/3f548fd9-50f8-47a3-826a-17d562db6065/,ok_reused,5,,2026-09-10T17:05:26Z
e1ecd5de-aabb-4dfc-ae6e-3862b8df2673,e1ecd5de-aabb-4dfc-ae6e-3862b8df2673,Ron L Wyden,2022-03-23,electronic_html,https://efdsearch.senate.gov/search/view/ptr/e1ecd5de-aabb-4dfc-ae6e-3862b8df2673/,ok_reused,2,,2026-09-10T17:05:26Z
ac3a0986-f795-4be0-9786-f224d54ce4f9,ac3a0986-f795-4be0-9786-f224d54ce4f9,Sheldon Whitehouse,2022-03-16,electronic_html,https://efdsearch.senate.gov/search/view/ptr/ac3a0986-f795-4be0-9786-f224d54ce4f9/,ok_reused,2,,2026-09-10T17:05:26Z
6cabc9a2-da3c-424e-9bab-5ce572bc3f24,6cabc9a2-da3c-424e-9bab-5ce572bc3f24,"A. Mitchell McConnell, Jr.",2022-03-14,electronic_html,https://efdsearch.senate.gov/search/view/ptr/6cabc9a2-da3c-424e-9bab-5ce572bc3f24/,ok_reused,1,,2026-09-10T17:05:26Z
95310897-f905-4ac6-a595-7ea2df711b28,95310897-f905-4ac6-a595-7ea2df711b28,Thomas H Tuberville,2022-03-11,electronic_html,https://efdsearch.senate.gov/search/view/ptr/95310897-f905-4ac6-a595-7ea2df711b28/,ok_reused,25,,2026-09-10T17:05:26Z
e7893c34-0761-4c2b-ac52-e303f166517f,e7893c34-0761-4c2b-ac52-e303f166517f,Shelley M Capito,2022-03-11,electronic_html,https://efdsearch.senate.gov/search/view/ptr/e7893c34-0761-4c2b-ac52-e303f166517f/,ok_reused,5,,2026-09-10T17:05:26Z
cb278bca-e252-4330-8513-4f216a679395,cb278bca-e252-4330-8513-4f216a679395,Susan M Collins,2022-03-09,electronic_html,https://efdsearch.senate.gov/search/view/ptr/cb278bca-e252-4330-8513-4f216a679395/,ok_reused,1,,2026-09-10T17:05:26Z
accadeb3-5ecf-4be2-a460-95b8888ae4ba,accadeb3-5ecf-4be2-a460-95b8888ae4ba,RICHARD BLUMENTHAL,2022-03-03,paper_scan,https://efdsearch.senate.gov/search/view/paper/accadeb3-5ecf-4be2-a460-95b8888ae4ba/,paper_deferred,0,Paper filing intentionally deferred to a future project.,2026-09-10T17:05:26Z
eabaeaaf-6bf6-45bd-9be6-4929fba3647c,eabaeaaf-6bf6-45bd-9be6-4929fba3647c,Mark R Warner,2022-02-18,electronic_html,https://efdsearch.senate.gov/search/view/ptr/eabaeaaf-6bf6-45bd-9be6-4929fba3647c/,ok_reused,1,,2026-09-10T17:05:26Z
ae6a1390-3883-4d8f-ae47-e8d20f20e043,ae6a1390-3883-4d8f-ae47-e8d20f20e043,Susan M Collins,2022-02-17,electronic_html,https://efdsearch.senate.gov/search/view/ptr/ae6a1390-3883-4d8f-ae47-e8d20f20e043/,ok_reused,11,,2026-09-10T17:05:26Z
c9da6bea-fa14-4a3a-9d8b-1745e834da59,c9da6bea-fa14-4a3a-9d8b-1745e834da59,Thomas H Tuberville,2022-02-14,electronic_html,https://efdsearch.senate.gov/search/view/ptr/c9da6bea-fa14-4a3a-9d8b-1745e834da59/,ok_reused,65,,2026-09-10T17:05:26Z
7e2a5d00-362a-45fb-9c24-c9ca9f1944c3,7e2a5d00-362a-45fb-9c24-c9ca9f1944c3,JOHN BOOZMAN,2022-02-07,paper_scan,https://efdsearch.senate.gov/search/view/paper/7e2a5d00-362a-45fb-9c24-c9ca9f1944c3/,paper_deferred,0,Paper filing intentionally deferred to a future project.,2026-09-10T17:05:26Z
fcb0d9dc-aba4-4fa0-a15b-afed9107a34a,fcb0d9dc-aba4-4fa0-a15b-afed9107a34a,Rafael E Cruz,2022-02-04,electronic_html,https://efdsearch.senate.gov/search/view/ptr/fcb0d9dc-aba4-4fa0-a15b-afed9107a34a/,ok_reused,1,,2026-09-10T17:05:26Z
a324cfce-d7dd-4f8c-9903-2829ab6e90df,a324cfce-d7dd-4f8c-9903-2829ab6e90df,Rick Scott,2022-02-04,electronic_html,https://efdsearch.senate.gov/search/view/ptr/a324cfce-d7dd-4f8c-9903-2829ab6e90df/,ok_reused,1,,2026-09-10T17:05:26Z
01d98c63-1737-4bfd-b6eb-1e429dc16c1b,01d98c63-1737-4bfd-b6eb-1e429dc16c1b,RICHARD BLUMENTHAL,2022-02-02,paper_scan,https://efdsearch.senate.gov/search/view/paper/01d98c63-1737-4bfd-b6eb-1e429dc16c1b/,paper_deferred,0,Paper filing intentionally deferred to a future project.,2026-09-10T17:05:26Z
a8e388bc-72c5-4227-b6f3-64b7bb779883,a8e388bc-72c5-4227-b6f3-64b7bb779883,"Jerry Moran,",2022-01-21,electronic_html,https://efdsearch.senate.gov/search/view/ptr/a8e388bc-72c5-4227-b6f3-64b7bb779883/,ok_reused,35,,2026-09-10T17:05:26Z
bfd4faf3-88b4-445a-8559-11ee5269ba7b,bfd4faf3-88b4-445a-8559-11ee5269ba7b,Shelley M Capito,2022-01-21,electronic_html,https://efdsearch.senate.gov/search/view/ptr/bfd4faf3-88b4-445a-8559-11ee5269ba7b/,ok_reused,2,,2026-09-10T17:05:26Z
cbca251b-4a4d-40cb-95c9-7ac3fc6b8d7c,cbca251b-4a4d-40cb-95c9-7ac3fc6b8d7c,Shelley M Capito,2022-01-21,electronic_html,https://efdsearch.senate.gov/search/view/ptr/cbca251b-4a4d-40cb-95c9-7ac3fc6b8d7c/,ok_reused,4,,2026-09-10T17:05:26Z
f7f09d5f-fb2d-47bd-83fb-a78852c339d7,f7f09d5f-fb2d-47bd-83fb-a78852c339d7,Mark R Warner,2022-01-19,electronic_html,https://efdsearch.senate.gov/search/view/ptr/f7f09d5f-fb2d-47bd-83fb-a78852c339d7/,ok_reused,2,,2026-09-10T17:05:26Z
69388a65-26f9-4be6-9f6f-1865fc1140f9,69388a65-26f9-4be6-9f6f-1865fc1140f9,Susan M Collins,2022-01-18,electronic_html,https://efdsearch.senate.gov/search/view/ptr/69388a65-26f9-4be6-9f6f-1865fc1140f9/,ok_reused,1,,2026-09-10T17:05:26Z
d3e4f531-5e2e-4348-b928-e6b7d5312777,d3e4f531-5e2e-4348-b928-e6b7d5312777,Shelley M Capito,2022-01-15,electronic_html,https://efdsearch.senate.gov/search/view/ptr/d3e4f531-5e2e-4348-b928-e6b7d5312777/,ok_reused,5,,2026-09-10T17:05:26Z
ef1c990c-0eda-434f-ab4d-987550fa9738,ef1c990c-0eda-434f-ab4d-987550fa9738,John R Thune,2022-01-14,electronic_html,https://efdsearch.senate.gov/search/view/ptr/ef1c990c-0eda-434f-ab4d-987550fa9738/,ok_reused,1,,2026-09-10T17:05:26Z
0985f3bb-3c7d-4c95-984e-5acfa9541f94,0985f3bb-3c7d-4c95-984e-5acfa9541f94,Thomas H Tuberville,2022-01-12,electronic_html,https://efdsearch.senate.gov/search/view/ptr/0985f3bb-3c7d-4c95-984e-5acfa9541f94/,ok_reused,13,,2026-09-10T17:05:26Z
c6ad481e-9a51-4593-8d24-40b5ad87fe7c,c6ad481e-9a51-4593-8d24-40b5ad87fe7c,JOHN BOOZMAN,2022-01-12,paper_scan,https://efdsearch.senate.gov/search/view/paper/c6ad481e-9a51-4593-8d24-40b5ad87fe7c/,paper_deferred,0,Paper filing intentionally deferred to a future project.,2026-09-10T17:05:26Z
ef87390b-ab6c-433f-a852-838d02a1dd5a,ef87390b-ab6c-433f-a852-838d02a1dd5a,"William F Hagerty, IV",2022-01-10,electronic_html,https://efdsearch.senate.gov/search/view/ptr/ef87390b-ab6c-433f-a852-838d02a1dd5a/,ok_reused,11,,2026-09-10T17:05:26Z
0cb6066b-f95a-4585-86e3-6ef83857bb5e,0cb6066b-f95a-4585-86e3-6ef83857bb5e,Gary C Peters,2022-01-08,electronic_html,https://efdsearch.senate.gov/search/view/ptr/0cb6066b-f95a-4585-86e3-6ef83857bb5e/,ok_reused,2,,2026-09-10T17:05:26Z
9c5c1a62-11f3-4542-887a-8012c8f35640,9c5c1a62-11f3-4542-887a-8012c8f35640,Rick Scott,2022-01-07,electronic_html,https://efdsearch.senate.gov/search/view/ptr/9c5c1a62-11f3-4542-887a-8012c8f35640/,ok_reused,9,,2026-09-10T17:05:26Z
1490bd57-e464-4fb8-8782-5c24eb1be1e1,1490bd57-e464-4fb8-8782-5c24eb1be1e1,Susan M Collins,2021-12-23,electronic_html,https://efdsearch.senate.gov/search/view/ptr/1490bd57-e464-4fb8-8782-5c24eb1be1e1/,ok_reused,1,,2026-09-10T17:05:26Z
ac2ba9f8-2938-46be-a501-88910e9d2299,ac2ba9f8-2938-46be-a501-88910e9d2299,"William F Hagerty, IV",2021-12-22,electronic_html,https://efdsearch.senate.gov/search/view/ptr/ac2ba9f8-2938-46be-a501-88910e9d2299/,ok_reused,2,,2026-09-10T17:05:26Z
029bd30d-5f2a-4ad4-9235-4e153b41a29e,029bd30d-5f2a-4ad4-9235-4e153b41a29e,"A. Mitchell McConnell, Jr.",2021-12-16,electronic_html,https://efdsearch.senate.gov/search/view/ptr/029bd30d-5f2a-4ad4-9235-4e153b41a29e/,ok_reused,1,,2026-09-10T17:05:26Z
ec4d0d90-b4a7-4fb8-a1ac-bbcfd1c3ad6a,ec4d0d90-b4a7-4fb8-a1ac-bbcfd1c3ad6a,RICHARD BLUMENTHAL,2021-12-13,paper_scan,https://efdsearch.senate.gov/search/view/paper/ec4d0d90-b4a7-4fb8-a1ac-bbcfd1c3ad6a/,paper_deferred,0,Paper filing intentionally deferred to a future project.,2026-09-10T17:05:26Z
3ca89f70-6cd2-4b06-a15d-44fd54fc58fa,3ca89f70-6cd2-4b06-a15d-44fd54fc58fa,John W Hickenlooper,2021-12-10,electronic_html,https://efdsearch.senate.gov/search/view/ptr/3ca89f70-6cd2-4b06-a15d-44fd54fc58fa/,ok_reused,8,,2026-09-10T17:05:26Z
149541b8-9421-4598-9709-0dc7caea0595,149541b8-9421-4598-9709-0dc7caea0595,Thomas H Tuberville,2021-12-10,electronic_html,https://efdsearch.senate.gov/search/view/ptr/149541b8-9421-4598-9709-0dc7caea0595/,ok_reused,23,,2026-09-10T17:05:26Z
50849906-5dd4-4cc2-8d1f-9252ea0000bf,50849906-5dd4-4cc2-8d1f-9252ea0000bf,Jacklyn S Rosen,2021-12-09,electronic_html,https://efdsearch.senate.gov/search/view/ptr/50849906-5dd4-4cc2-8d1f-9252ea0000bf/,ok_reused,1,,2026-09-10T17:05:26Z
6799f5d8-9bc8-427f-a33b-24a59bffe182,6799f5d8-9bc8-427f-a33b-24a59bffe182,Gary C Peters,2021-12-07,electronic_html,https://efdsearch.senate.gov/search/view/ptr/6799f5d8-9bc8-427f-a33b-24a59bffe182/,ok_reused,3,,2026-09-10T17:05:26Z
366d62bd-723c-4708-8d48-aa636fed35bb,366d62bd-723c-4708-8d48-aa636fed35bb,JOHN BOOZMAN,2021-12-07,paper_scan,https://efdsearch.senate.gov/search/view/paper/366d62bd-723c-4708-8d48-aa636fed35bb/,paper_deferred,0,Paper filing intentionally deferred to a future project.,2026-09-10T17:05:26Z
36b58614-d07b-408b-8ff9-b5846cbe801d,36b58614-d07b-408b-8ff9-b5846cbe801d,Christopher A Coons,2021-11-29,electronic_html,https://efdsearch.senate.gov/search/view/ptr/36b58614-d07b-408b-8ff9-b5846cbe801d/,ok_reused,3,,2026-09-10T17:05:26Z
7c9634ee-7352-469f-b311-c3ee8b38ec8c,7c9634ee-7352-469f-b311-c3ee8b38ec8c,"William F Hagerty, IV",2021-11-23,electronic_html,https://efdsearch.senate.gov/search/view/ptr/7c9634ee-7352-469f-b311-c3ee8b38ec8c/,ok_reused,1,,2026-09-10T17:05:26Z
3b5e5f56-1328-473b-85bb-cf831243c8da,3b5e5f56-1328-473b-85bb-cf831243c8da,John W Hickenlooper,2021-11-19,electronic_html,https://efdsearch.senate.gov/search/view/ptr/3b5e5f56-1328-473b-85bb-cf831243c8da/,ok_reused,1,,2026-09-10T17:05:26Z
16198565-5608-4bb4-837b-4b8a02e9a050,16198565-5608-4bb4-837b-4b8a02e9a050,Rick Scott,2021-11-19,electronic_html,https://efdsearch.senate.gov/search/view/ptr/16198565-5608-4bb4-837b-4b8a02e9a050/,ok_reused,3,,2026-09-10T17:05:26Z
1abf71df-3cf3-47b5-9f8f-16ca358a157e,1abf71df-3cf3-47b5-9f8f-16ca358a157e,Mark R Warner,2021-11-17,electronic_html,https://efdsearch.senate.gov/search/view/ptr/1abf71df-3cf3-47b5-9f8f-16ca358a157e/,ok_reused,3,,2026-09-10T17:05:26Z
75f769c6-519f-4a2f-8999-a77a0f4c7c03,75f769c6-519f-4a2f-8999-a77a0f4c7c03,Shelley M Capito,2021-11-12,electronic_html,https://efdsearch.senate.gov/search/view/ptr/75f769c6-519f-4a2f-8999-a77a0f4c7c03/,ok_reused,1,,2026-09-10T17:05:26Z
aad16d9a-4250-452f-8dd8-3a85be9e8739,aad16d9a-4250-452f-8dd8-3a85be9e8739,Thomas H Tuberville,2021-11-10,electronic_html,https://efdsearch.senate.gov/search/view/ptr/aad16d9a-4250-452f-8dd8-3a85be9e8739/,ok_reused,24,,2026-09-10T17:05:26Z
e924e7a1-7b11-4bf6-85e0-2238bce7fb0f,e924e7a1-7b11-4bf6-85e0-2238bce7fb0f,RICHARD BLUMENTHAL,2021-11-09,paper_scan,https://efdsearch.senate.gov/search/view/paper/e924e7a1-7b11-4bf6-85e0-2238bce7fb0f/,paper_deferred,0,Paper filing intentionally deferred to a future project.,2026-09-10T17:05:26Z
d6b9057a-9de9-4ec1-a210-31683309ded2,d6b9057a-9de9-4ec1-a210-31683309ded2,Rick Scott,2021-10-28,electronic_html,https://efdsearch.senate.gov/search/view/ptr/d6b9057a-9de9-4ec1-a210-31683309ded2/,ok_reused,5,,2026-09-10T17:05:26Z
a91110ad-2cfb-452a-99be-f49948aecc93,a91110ad-2cfb-452a-99be-f49948aecc93,Susan M Collins,2021-10-26,electronic_html,https://efdsearch.senate.gov/search/view/ptr/a91110ad-2cfb-452a-99be-f49948aecc93/,ok_reused,1,,2026-09-10T17:05:26Z
a1cec047-73fd-4433-9ac4-bbd4a32db7d5,a1cec047-73fd-4433-9ac4-bbd4a32db7d5,Thomas H Tuberville,2021-10-15,electronic_html,https://efdsearch.senate.gov/search/view/ptr/a1cec047-73fd-4433-9ac4-bbd4a32db7d5/,ok_reused,34,,2026-09-10T17:05:26Z
8df50107-62ea-45a1-87db-ee144cc3f568,8df50107-62ea-45a1-87db-ee144cc3f568,JOHN BOOZMAN,2021-10-12,paper_scan,https://efdsearch.senate.gov/search/view/paper/8df50107-62ea-45a1-87db-ee144cc3f568/,paper_deferred,0,Paper filing intentionally deferred to a future project.,2026-09-10T17:05:26Z
e4053f72-b9ad-4642-a996-f250485f4d33,e4053f72-b9ad-4642-a996-f250485f4d33,Cynthia M Lummis,2021-10-07,electronic_html,https://efdsearch.senate.gov/search/view/ptr/e4053f72-b9ad-4642-a996-f250485f4d33/,ok_reused,1,,2026-09-10T17:05:26Z
1124fac7-7277-4328-8740-fbaceeaac1b5,1124fac7-7277-4328-8740-fbaceeaac1b5,Cynthia M Lummis,2021-10-07,electronic_html,https://efdsearch.senate.gov/search/view/ptr/1124fac7-7277-4328-8740-fbaceeaac1b5/,ok_reused,1,,2026-09-10T17:05:26Z
a84b299c-20ca-4f6d-8987-a23c5f5bcf54,a84b299c-20ca-4f6d-8987-a23c5f5bcf54,RICHARD BLUMENTHAL,2021-10-04,paper_scan,https://efdsearch.senate.gov/search/view/paper/a84b299c-20ca-4f6d-8987-a23c5f5bcf54/,paper_deferred,0,Paper filing intentionally deferred to a future project.,2026-09-10T17:05:26Z
f37321cd-cd47-443b-8687-4093e9bd5a15,f37321cd-cd47-443b-8687-4093e9bd5a15,RICHARD BLUMENTHAL,2021-09-22,paper_scan,https://efdsearch.senate.gov/search/view/paper/f37321cd-cd47-443b-8687-4093e9bd5a15/,paper_deferred,0,Paper filing intentionally deferred to a future project.,2026-09-10T17:05:26Z
6d5a5182-2b97-4772-b982-ff501f343822,6d5a5182-2b97-4772-b982-ff501f343822,Shelley M Capito,2021-09-15,electronic_html,https://efdsearch.senate.gov/search/view/ptr/6d5a5182-2b97-4772-b982-ff501f343822/,ok_reused,3,,2026-09-10T17:05:26Z
1a756e7a-56c4-4406-8a4b-1f6c549bd17d,1a756e7a-56c4-4406-8a4b-1f6c549bd17d,"A. Mitchell McConnell, Jr.",2021-09-15,electronic_html,https://efdsearch.senate.gov/search/view/ptr/1a756e7a-56c4-4406-8a4b-1f6c549bd17d/,ok_reused,1,,2026-09-10T17:05:26Z
2d59cb0c-ba0d-4d1d-af20-4aa1d70582d7,2d59cb0c-ba0d-4d1d-af20-4aa1d70582d7,Sheldon Whitehouse,2021-09-13,electronic_html,https://efdsearch.senate.gov/search/view/ptr/2d59cb0c-ba0d-4d1d-af20-4aa1d70582d7/,ok_reused,4,,2026-09-10T17:05:26Z
a281e3d8-07ad-434d-a8e3-b596b997e55a,a281e3d8-07ad-434d-a8e3-b596b997e55a,Mark R Warner,2021-09-08,electronic_html,https://efdsearch.senate.gov/search/view/ptr/a281e3d8-07ad-434d-a8e3-b596b997e55a/,ok_reused,1,,2026-09-10T17:05:26Z
d9700aee-b8d6-4eb3-bf67-676134edae39,d9700aee-b8d6-4eb3-bf67-676134edae39,Thomas H Tuberville,2021-09-08,electronic_html,https://efdsearch.senate.gov/search/view/ptr/d9700aee-b8d6-4eb3-bf67-676134edae39/,ok_reused,17,,2026-09-10T17:05:26Z
1f256949-caed-40d5-8076-d9243221bbc4,1f256949-caed-40d5-8076-d9243221bbc4,JOHN BOOZMAN,2021-09-08,paper_scan,https://efdsearch.senate.gov/search/view/paper/1f256949-caed-40d5-8076-d9243221bbc4/,paper_deferred,0,Paper filing intentionally deferred to a future project.,2026-09-10T17:05:26Z
de267ca2-8849-4bd9-a6a5-2ac1358b7d24,de267ca2-8849-4bd9-a6a5-2ac1358b7d24,JOHN BOOZMAN,2021-08-31,paper_scan,https://efdsearch.senate.gov/search/view/paper/de267ca2-8849-4bd9-a6a5-2ac1358b7d24/,paper_deferred,0,Paper filing intentionally deferred to a future project.,2026-09-10T17:05:26Z
4430ac89-7784-4f2f-8417-2f0072874995,4430ac89-7784-4f2f-8417-2f0072874995,Mark E Kelly,2021-08-16,electronic_html,https://efdsearch.senate.gov/search/view/ptr/4430ac89-7784-4f2f-8417-2f0072874995/,ok_reused,1,,2026-09-10T17:05:26Z
4a7a7530-6012-4a41-8fbc-3c4842f9303e,4a7a7530-6012-4a41-8fbc-3c4842f9303e,Christopher A Coons,2021-08-16,electronic_html,https://efdsearch.senate.gov/search/view/ptr/4a7a7530-6012-4a41-8fbc-3c4842f9303e/,ok_reused,2,,2026-09-10T17:05:26Z
e3c66cc8-ca84-4899-b3dd-21a0a400ffc6,e3c66cc8-ca84-4899-b3dd-21a0a400ffc6,Roger W Marshall,2021-08-13,electronic_html,https://efdsearch.senate.gov/search/view/ptr/e3c66cc8-ca84-4899-b3dd-21a0a400ffc6/,ok_reused,1,,2026-09-10T17:05:26Z
9df3fe53-21d5-43a5-a632-ea804aca39a3,9df3fe53-21d5-43a5-a632-ea804aca39a3,Thomas H Tuberville,2021-08-13,electronic_html,https://efdsearch.senate.gov/search/view/ptr/9df3fe53-21d5-43a5-a632-ea804aca39a3/,ok_reused,30,,2026-09-10T17:05:26Z
19dc5bc2-296b-459f-89c4-778307ee9556,19dc5bc2-296b-459f-89c4-778307ee9556,John Hoeven,2021-08-11,electronic_html,https://efdsearch.senate.gov/search/view/ptr/19dc5bc2-296b-459f-89c4-778307ee9556/,ok_reused,1,,2026-09-10T17:05:26Z
045f76aa-7ae2-4040-a603-67b5ebc3b271,045f76aa-7ae2-4040-a603-67b5ebc3b271,Shelley M Capito,2021-08-11,electronic_html,https://efdsearch.senate.gov/search/view/ptr/045f76aa-7ae2-4040-a603-67b5ebc3b271/,ok_reused,5,,2026-09-10T17:05:26Z
5407f18e-8faa-4f1e-a8bf-6cf7a2ffe5bd,5407f18e-8faa-4f1e-a8bf-6cf7a2ffe5bd,Rand Paul,2021-08-11,electronic_html,https://efdsearch.senate.gov/search/view/ptr/5407f18e-8faa-4f1e-a8bf-6cf7a2ffe5bd/,ok_reused,1,,2026-09-10T17:05:26Z
400a40ef-9e53-4b18-8c61-06e0a485cc08,400a40ef-9e53-4b18-8c61-06e0a485cc08,Susan M Collins,2021-08-09,electronic_html,https://efdsearch.senate.gov/search/view/ptr/400a40ef-9e53-4b18-8c61-06e0a485cc08/,ok_reused,1,,2026-09-10T17:05:26Z
f0c49765-8045-4aa6-a699-2fc462b00526,f0c49765-8045-4aa6-a699-2fc462b00526,John W Hickenlooper,2021-08-09,electronic_html,https://efdsearch.senate.gov/search/view/ptr/f0c49765-8045-4aa6-a699-2fc462b00526/,ok_reused,2,,2026-09-10T17:05:26Z
267d588f-a44e-46c0-8654-9b6396851c34,267d588f-a44e-46c0-8654-9b6396851c34,Sheldon Whitehouse,2021-08-06,electronic_html,https://efdsearch.senate.gov/search/view/ptr/267d588f-a44e-46c0-8654-9b6396851c34/,ok_reused,2,,2026-09-10T17:05:26Z
58e7336b-77cd-491f-99ea-6bd8d2def825,58e7336b-77cd-491f-99ea-6bd8d2def825,RICHARD BLUMENTHAL,2021-08-05,paper_scan,https://efdsearch.senate.gov/search/view/paper/58e7336b-77cd-491f-99ea-6bd8d2def825/,paper_deferred,0,Paper filing intentionally deferred to a future project.,2026-09-10T17:05:26Z
56ff7a1f-ddf5-42cf-9f9d-892e2c483511,56ff7a1f-ddf5-42cf-9f9d-892e2c483511,Gary C Peters,2021-08-03,electronic_html,https://efdsearch.senate.gov/search/view/ptr/56ff7a1f-ddf5-42cf-9f9d-892e2c483511/,ok_reused,2,,2026-09-10T17:05:26Z
ebdeed3c-9789-4bae-acc4-298448c28344,ebdeed3c-9789-4bae-acc4-298448c28344,"Angus S King, Jr.",2021-07-28,electronic_html,https://efdsearch.senate.gov/search/view/ptr/ebdeed3c-9789-4bae-acc4-298448c28344/,ok_reused,3,,2026-09-10T17:05:26Z
89f81dcb-e3d3-4c79-bc26-3aa06b346e41,89f81dcb-e3d3-4c79-bc26-3aa06b346e41,Sheldon Whitehouse,2021-07-23,electronic_html,https://efdsearch.senate.gov/search/view/ptr/89f81dcb-e3d3-4c79-bc26-3aa06b346e41/,ok_reused,1,,2026-09-10T17:05:26Z
3bdd9340-7c8c-4ed0-898d-dad3835940d2,3bdd9340-7c8c-4ed0-898d-dad3835940d2,Thomas H Tuberville,2021-07-23,electronic_html,https://efdsearch.senate.gov/search/view/ptr/3bdd9340-7c8c-4ed0-898d-dad3835940d2/,ok_reused,132,,2026-09-10T17:05:26Z
1d84ad6b-1e5f-45b7-a95a-a9cdcb46c69b,1d84ad6b-1e5f-45b7-a95a-a9cdcb46c69b,Thomas H Tuberville,2021-07-16,electronic_html,https://efdsearch.senate.gov/search/view/ptr/1d84ad6b-1e5f-45b7-a95a-a9cdcb46c69b/,ok_reused,6,,2026-09-10T17:05:26Z
84915b6e-846b-411b-907e-46fd4a179919,84915b6e-846b-411b-907e-46fd4a179919,Shelley M Capito,2021-07-16,electronic_html,https://efdsearch.senate.gov/search/view/ptr/84915b6e-846b-411b-907e-46fd4a179919/,ok_reused,4,,2026-09-10T17:05:26Z
68e2d163-9ecd-4bde-a0f2-4b0e2ad08c79,68e2d163-9ecd-4bde-a0f2-4b0e2ad08c79,Mark R Warner,2021-07-14,electronic_html,https://efdsearch.senate.gov/search/view/ptr/68e2d163-9ecd-4bde-a0f2-4b0e2ad08c79/,ok_reused,1,,2026-09-10T17:05:26Z
9ed788e7-5747-4d7c-9888-1da907b35cde,9ed788e7-5747-4d7c-9888-1da907b35cde,Susan M Collins,2021-07-14,electronic_html,https://efdsearch.senate.gov/search/view/ptr/9ed788e7-5747-4d7c-9888-1da907b35cde/,ok_reused,1,,2026-09-10T17:05:26Z
596ec5e5-2392-4cb7-a12d-8466ab2a4f8e,596ec5e5-2392-4cb7-a12d-8466ab2a4f8e,Michael F Bennet,2021-07-12,electronic_html,https://efdsearch.senate.gov/search/view/ptr/596ec5e5-2392-4cb7-a12d-8466ab2a4f8e/,ok_reused,1,,2026-09-10T17:05:26Z
dd6f0dbb-3333-442f-a947-20c79871ee45,dd6f0dbb-3333-442f-a947-20c79871ee45,Ron L Wyden,2021-07-12,electronic_html,https://efdsearch.senate.gov/search/view/ptr/dd6f0dbb-3333-442f-a947-20c79871ee45/,ok_reused,14,,2026-09-10T17:05:26Z
4fc6484d-a9d0-4646-a418-beab49148783,4fc6484d-a9d0-4646-a418-beab49148783,John W Hickenlooper,2021-07-09,electronic_html,https://efdsearch.senate.gov/search/view/ptr/4fc6484d-a9d0-4646-a418-beab49148783/,ok_reused,3,,2026-09-10T17:05:26Z
0e6e0250-95fe-41a2-91ed-607a396b11cc,0e6e0250-95fe-41a2-91ed-607a396b11cc,"William F Hagerty, IV",2021-07-08,electronic_html,https://efdsearch.senate.gov/search/view/ptr/0e6e0250-95fe-41a2-91ed-607a396b11cc/,ok_reused,1,,2026-09-10T17:05:26Z
d40c72ed-6239-4214-a20a-f576b9628901,d40c72ed-6239-4214-a20a-f576b9628901,JOHN BOOZMAN,2021-07-07,paper_scan,https://efdsearch.senate.gov/search/view/paper/d40c72ed-6239-4214-a20a-f576b9628901/,paper_deferred,0,Paper filing intentionally deferred to a future project.,2026-09-10T17:05:26Z
742b5ad0-9b33-4970-9285-b4e9e9521d4a,742b5ad0-9b33-4970-9285-b4e9e9521d4a,Gary C Peters,2021-07-06,electronic_html,https://efdsearch.senate.gov/search/view/ptr/742b5ad0-9b33-4970-9285-b4e9e9521d4a/,ok_reused,2,,2026-09-10T17:05:26Z
7d15a892-ceff-43c2-acd3-092d7a240de6,7d15a892-ceff-43c2-acd3-092d7a240de6,RICHARD BLUMENTHAL,2021-07-01,paper_scan,https://efdsearch.senate.gov/search/view/paper/7d15a892-ceff-43c2-acd3-092d7a240de6/,paper_deferred,0,Paper filing intentionally deferred to a future project.,2026-09-10T17:05:26Z
f0f1cd53-d159-42e8-89fc-c86fc7a7a68c,f0f1cd53-d159-42e8-89fc-c86fc7a7a68c,RICHARD BLUMENTHAL,2021-06-28,paper_scan,https://efdsearch.senate.gov/search/view/paper/f0f1cd53-d159-42e8-89fc-c86fc7a7a68c/,paper_deferred,0,Paper filing intentionally deferred to a future project.,2026-09-10T17:05:26Z
5f219f13-10ce-46c2-a637-99c206a39eaf,5f219f13-10ce-46c2-a637-99c206a39eaf,Rick Scott,2021-06-24,electronic_html,https://efdsearch.senate.gov/search/view/ptr/5f219f13-10ce-46c2-a637-99c206a39eaf/,ok_reused,4,,2026-09-10T17:05:26Z
4716d538-d7d0-4146-8ed3-d619366db4da,4716d538-d7d0-4146-8ed3-d619366db4da,JOHN BOOZMAN,2021-06-10,paper_scan,https://efdsearch.senate.gov/search/view/paper/4716d538-d7d0-4146-8ed3-d619366db4da/,paper_deferred,0,Paper filing intentionally deferred to a future project.,2026-09-10T17:05:26Z
925ab727-eecf-4403-9a40-ee76f3ef0f03,925ab727-eecf-4403-9a40-ee76f3ef0f03,Shelley M Capito,2021-06-08,electronic_html,https://efdsearch.senate.gov/search/view/ptr/925ab727-eecf-4403-9a40-ee76f3ef0f03/,ok_reused,2,,2026-09-10T17:05:26Z
32274587-17b3-4a09-ade9-99b7dc0436ba,32274587-17b3-4a09-ade9-99b7dc0436ba,"William F Hagerty, IV",2021-06-08,electronic_html,https://efdsearch.senate.gov/search/view/ptr/32274587-17b3-4a09-ade9-99b7dc0436ba/,ok_reused,1,,2026-09-10T17:05:26Z
18c33f81-90a3-4bc3-a8d9-a7cc62898c64,18c33f81-90a3-4bc3-a8d9-a7cc62898c64,"A. Mitchell McConnell, Jr.",2021-06-07,electronic_html,https://efdsearch.senate.gov/search/view/ptr/18c33f81-90a3-4bc3-a8d9-a7cc62898c64/,ok_reused,1,,2026-09-10T17:05:26Z
2c09f31e-0a1f-4905-9a71-7750a856111d,2c09f31e-0a1f-4905-9a71-7750a856111d,Sheldon Whitehouse,2021-06-06,electronic_html,https://efdsearch.senate.gov/search/view/ptr/2c09f31e-0a1f-4905-9a71-7750a856111d/,ok_reused,2,,2026-09-10T17:05:26Z
8fc9bf25-8952-42b4-a7c9-ed80f599b450,8fc9bf25-8952-42b4-a7c9-ed80f599b450,John W Hickenlooper,2021-06-03,electronic_html,https://efdsearch.senate.gov/search/view/ptr/8fc9bf25-8952-42b4-a7c9-ed80f599b450/,ok_reused,4,,2026-09-10T17:05:26Z
31ba15f9-3190-4872-8094-7044810a33c8,31ba15f9-3190-4872-8094-7044810a33c8,Mike Rounds,2021-05-20,electronic_html,https://efdsearch.senate.gov/search/view/ptr/31ba15f9-3190-4872-8094-7044810a33c8/,ok_reused,1,,2026-09-10T17:05:26Z
534becb6-71f8-418b-963b-a0a33b3a5be8,534becb6-71f8-418b-963b-a0a33b3a5be8,"Jerry Moran,",2021-05-19,electronic_html,https://efdsearch.senate.gov/search/view/ptr/534becb6-71f8-418b-963b-a0a33b3a5be8/,ok_reused,4,,2026-09-10T17:05:26Z
5d96ee20-55b8-4258-b059-7f5c91683748,5d96ee20-55b8-4258-b059-7f5c91683748,"Jerry Moran,",2021-05-19,electronic_html,https://efdsearch.senate.gov/search/view/ptr/5d96ee20-55b8-4258-b059-7f5c91683748/,ok_reused,4,,2026-09-10T17:05:26Z
121df9b4-2fea-46d1-8090-10cf701ddb38,121df9b4-2fea-46d1-8090-10cf701ddb38,"Jerry Moran,",2021-05-19,electronic_html,https://efdsearch.senate.gov/search/view/ptr/121df9b4-2fea-46d1-8090-10cf701ddb38/,ok_reused,1,,2026-09-10T17:05:26Z
84c90822-fa5c-4230-9db0-61ead2fc469a,84c90822-fa5c-4230-9db0-61ead2fc469a,Shelley M Capito,2021-05-19,electronic_html,https://efdsearch.senate.gov/search/view/ptr/84c90822-fa5c-4230-9db0-61ead2fc469a/,ok_reused,1,,2026-09-10T17:05:26Z
b7ddcd56-16da-4a95-8000-2c2ac19be5e6,b7ddcd56-16da-4a95-8000-2c2ac19be5e6,Susan M Collins,2021-05-12,electronic_html,https://efdsearch.senate.gov/search/view/ptr/b7ddcd56-16da-4a95-8000-2c2ac19be5e6/,ok_reused,2,,2026-09-10T17:05:26Z
612be9f2-83b7-4ae3-b107-458dd493b516,612be9f2-83b7-4ae3-b107-458dd493b516,JOHN BOOZMAN,2021-05-11,paper_scan,https://efdsearch.senate.gov/search/view/paper/612be9f2-83b7-4ae3-b107-458dd493b516/,paper_deferred,0,Paper filing intentionally deferred to a future project.,2026-09-10T17:05:26Z
1c08a95d-02db-456c-8b96-e3e27ed2dc29,1c08a95d-02db-456c-8b96-e3e27ed2dc29,Tina Smith,2021-05-10,electronic_html,https://efdsearch.senate.gov/search/view/ptr/1c08a95d-02db-456c-8b96-e3e27ed2dc29/,ok_reused,1,,2026-09-10T17:05:26Z
6b110b5f-e060-4d6d-b1c2-b14d8442d03c,6b110b5f-e060-4d6d-b1c2-b14d8442d03c,JOHN BOOZMAN,2021-05-06,paper_scan,https://efdsearch.senate.gov/search/view/paper/6b110b5f-e060-4d6d-b1c2-b14d8442d03c/,paper_deferred,0,Paper filing intentionally deferred to a future project.,2026-09-10T17:05:26Z
505fff21-a8c4-426e-9475-b119d3602361,505fff21-a8c4-426e-9475-b119d3602361,"William F Hagerty, IV",2021-05-04,electronic_html,https://efdsearch.senate.gov/search/view/ptr/505fff21-a8c4-426e-9475-b119d3602361/,ok_reused,1,,2026-09-10T17:05:26Z
19a274dd-2f9c-4468-b9f2-dc68f2d2ac6b,19a274dd-2f9c-4468-b9f2-dc68f2d2ac6b,Ron L Wyden,2021-04-30,electronic_html,https://efdsearch.senate.gov/search/view/ptr/19a274dd-2f9c-4468-b9f2-dc68f2d2ac6b/,ok_reused,3,,2026-09-10T17:05:26Z
d5f6be77-a2f6-49c5-8f4d-e299ffae70db,d5f6be77-a2f6-49c5-8f4d-e299ffae70db,Rick Scott,2021-04-23,electronic_html,https://efdsearch.senate.gov/search/view/ptr/d5f6be77-a2f6-49c5-8f4d-e299ffae70db/,ok_reused,2,,2026-09-10T17:05:26Z
084b183f-b04b-4d5d-98d4-3c3768a099ab,084b183f-b04b-4d5d-98d4-3c3768a099ab,Gary C Peters,2021-04-22,electronic_html,https://efdsearch.senate.gov/search/view/ptr/084b183f-b04b-4d5d-98d4-3c3768a099ab/,ok_reused,2,,2026-09-10T17:05:26Z
d746dd73-17e0-4fb7-9228-f410962653c0,d746dd73-17e0-4fb7-9228-f410962653c0,Ladda Tammy Duckworth,2021-04-16,electronic_html,https://efdsearch.senate.gov/search/view/ptr/d746dd73-17e0-4fb7-9228-f410962653c0/,ok_reused,3,,2026-09-10T17:05:26Z
378080ec-6299-4274-a5e6-aa4f68577985,378080ec-6299-4274-a5e6-aa4f68577985,Daniel S Sullivan,2021-04-13,electronic_html,https://efdsearch.senate.gov/search/view/ptr/378080ec-6299-4274-a5e6-aa4f68577985/,ok_reused,1,,2026-09-10T17:05:26Z
ab7ffb25-df44-407d-9972-1608b7be4861,ab7ffb25-df44-407d-9972-1608b7be4861,Shelley M Capito,2021-04-12,electronic_html,https://efdsearch.senate.gov/search/view/ptr/ab7ffb25-df44-407d-9972-1608b7be4861/,ok_reused,6,,2026-09-10T17:05:26Z
57115c4a-d7fd-47d0-ad5b-597aff5656ea,57115c4a-d7fd-47d0-ad5b-597aff5656ea,Mark R Warner,2021-04-12,electronic_html,https://efdsearch.senate.gov/search/view/ptr/57115c4a-d7fd-47d0-ad5b-597aff5656ea/,ok_reused,1,,2026-09-10T17:05:26Z
c4771ad7-1434-4eb6-a5b8-d53fa8f70249,c4771ad7-1434-4eb6-a5b8-d53fa8f70249,Ron L Wyden,2021-04-09,electronic_html,https://efdsearch.senate.gov/search/view/ptr/c4771ad7-1434-4eb6-a5b8-d53fa8f70249/,ok_reused,8,,2026-09-10T17:05:26Z
46d660a1-eca6-48cf-976e-bb7f49946397,46d660a1-eca6-48cf-976e-bb7f49946397,Susan M Collins,2021-04-08,electronic_html,https://efdsearch.senate.gov/search/view/ptr/46d660a1-eca6-48cf-976e-bb7f49946397/,ok_reused,2,,2026-09-10T17:05:26Z
6788596d-6a54-4caf-a73c-f03f5d2f6e5f,6788596d-6a54-4caf-a73c-f03f5d2f6e5f,"William F Hagerty, IV",2021-04-08,electronic_html,https://efdsearch.senate.gov/search/view/ptr/6788596d-6a54-4caf-a73c-f03f5d2f6e5f/,ok_reused,1,,2026-09-10T17:05:26Z
5afb1535-000b-4e84-b8ad-908381f5ac2a,5afb1535-000b-4e84-b8ad-908381f5ac2a,JOHN BOOZMAN,2021-04-06,paper_scan,https://efdsearch.senate.gov/search/view/paper/5afb1535-000b-4e84-b8ad-908381f5ac2a/,paper_deferred,0,Paper filing intentionally deferred to a future project.,2026-09-10T17:05:26Z
37d25209-4ff8-4113-a8d2-bb4b2810351e,37d25209-4ff8-4113-a8d2-bb4b2810351e,Ron L Wyden,2021-04-02,electronic_html,https://efdsearch.senate.gov/search/view/ptr/37d25209-4ff8-4113-a8d2-bb4b2810351e/,ok_reused,4,,2026-09-10T17:05:26Z
e3f4d9c3-2ada-4fad-9e67-3941095a8f0c,e3f4d9c3-2ada-4fad-9e67-3941095a8f0c,John W Hickenlooper,2021-04-01,electronic_html,https://efdsearch.senate.gov/search/view/ptr/e3f4d9c3-2ada-4fad-9e67-3941095a8f0c/,ok_reused,2,,2026-09-10T17:05:26Z
32a40eaa-a4a2-4bc3-a594-1c05cbe0531b,32a40eaa-a4a2-4bc3-a594-1c05cbe0531b,Ron L Wyden,2021-03-23,electronic_html,https://efdsearch.senate.gov/search/view/ptr/32a40eaa-a4a2-4bc3-a594-1c05cbe0531b/,ok_reused,3,,2026-09-10T17:05:26Z
ed8c186c-c456-4ce6-a8d7-4e8cc7175fd3,ed8c186c-c456-4ce6-a8d7-4e8cc7175fd3,"A. Mitchell McConnell, Jr.",2021-03-16,electronic_html,https://efdsearch.senate.gov/search/view/ptr/ed8c186c-c456-4ce6-a8d7-4e8cc7175fd3/,ok_reused,1,,2026-09-10T17:05:26Z
a68e9328-7725-42ef-8f34-32fb4139270f,a68e9328-7725-42ef-8f34-32fb4139270f,RICHARD BLUMENTHAL,2021-03-15,paper_scan,https://efdsearch.senate.gov/search/view/paper/a68e9328-7725-42ef-8f34-32fb4139270f/,paper_deferred,0,Paper filing intentionally deferred to a future project.,2026-09-10T17:05:26Z
3542ce53-b0e3-46a1-92f5-8f32c262fe3d,3542ce53-b0e3-46a1-92f5-8f32c262fe3d,Shelley M Capito,2021-03-14,electronic_html,https://efdsearch.senate.gov/search/view/ptr/3542ce53-b0e3-46a1-92f5-8f32c262fe3d/,ok_reused,3,,2026-09-10T17:05:26Z
32550a8f-923e-416f-84f3-e19ab4f148b1,32550a8f-923e-416f-84f3-e19ab4f148b1,Susan M Collins,2021-03-10,electronic_html,https://efdsearch.senate.gov/search/view/ptr/32550a8f-923e-416f-84f3-e19ab4f148b1/,ok_reused,2,,2026-09-10T17:05:26Z
39693df5-619c-4640-ab14-d54f0786ba3a,39693df5-619c-4640-ab14-d54f0786ba3a,Mark R Warner,2021-03-10,electronic_html,https://efdsearch.senate.gov/search/view/ptr/39693df5-619c-4640-ab14-d54f0786ba3a/,ok_reused,1,,2026-09-10T17:05:26Z
f276f338-ccee-4392-bb95-f55fd8b57f24,f276f338-ccee-4392-bb95-f55fd8b57f24,JOHN BOOZMAN,2021-03-09,paper_scan,https://efdsearch.senate.gov/search/view/paper/f276f338-ccee-4392-bb95-f55fd8b57f24/,paper_deferred,0,Paper filing intentionally deferred to a future project.,2026-09-10T17:05:26Z
b65c1aeb-1831-4da3-ae45-eddb7a270abe,b65c1aeb-1831-4da3-ae45-eddb7a270abe,Christopher A Coons,2021-03-04,electronic_html,https://efdsearch.senate.gov/search/view/ptr/b65c1aeb-1831-4da3-ae45-eddb7a270abe/,ok_reused,1,,2026-09-10T17:05:26Z
331fc417-1f96-4a2e-a164-b15fc2493281,331fc417-1f96-4a2e-a164-b15fc2493281,"William F Hagerty, IV",2021-02-24,electronic_html,https://efdsearch.senate.gov/search/view/ptr/331fc417-1f96-4a2e-a164-b15fc2493281/,ok_reused,5,,2026-09-10T17:05:26Z
823ec2b1-9e0c-4b13-bf35-81722c1a083c,823ec2b1-9e0c-4b13-bf35-81722c1a083c,"William F Hagerty, IV",2021-02-19,electronic_html,https://efdsearch.senate.gov/search/view/ptr/823ec2b1-9e0c-4b13-bf35-81722c1a083c/,ok_reused,5,,2026-09-10T17:05:26Z
f8e43fad-614c-4bc7-b13c-8e075c40869d,f8e43fad-614c-4bc7-b13c-8e075c40869d,John W Hickenlooper,2021-02-19,electronic_html,https://efdsearch.senate.gov/search/view/ptr/f8e43fad-614c-4bc7-b13c-8e075c40869d/,ok_reused,1,,2026-09-10T17:05:26Z
a0a26d20-b140-444b-b562-9d73de4c6bd9,a0a26d20-b140-444b-b562-9d73de4c6bd9,Ron L Wyden,2021-02-18,electronic_html,https://efdsearch.senate.gov/search/view/ptr/a0a26d20-b140-444b-b562-9d73de4c6bd9/,ok_reused,12,,2026-09-10T17:05:26Z
ba1163f0-8d19-41a2-8745-83028a346a62,ba1163f0-8d19-41a2-8745-83028a346a62,JOHN BOOZMAN,2021-02-10,paper_scan,https://efdsearch.senate.gov/search/view/paper/ba1163f0-8d19-41a2-8745-83028a346a62/,paper_deferred,0,Paper filing intentionally deferred to a future project.,2026-09-10T17:05:26Z
7b095739-bb31-4b09-965f-5ac00e2c1321,7b095739-bb31-4b09-965f-5ac00e2c1321,"Jerry Moran,",2021-02-08,electronic_html,https://efdsearch.senate.gov/search/view/ptr/7b095739-bb31-4b09-965f-5ac00e2c1321/,ok_reused,2,,2026-09-10T17:05:26Z
cf66f482-baa0-409c-abdd-b9cfcbb5fd4e,cf66f482-baa0-409c-abdd-b9cfcbb5fd4e,Gary C Peters,2021-02-02,electronic_html,https://efdsearch.senate.gov/search/view/ptr/cf66f482-baa0-409c-abdd-b9cfcbb5fd4e/,ok_reused,2,,2026-09-10T17:05:26Z
f22c2d87-4f73-4469-8fcc-02c9567c6707,f22c2d87-4f73-4469-8fcc-02c9567c6707,RICHARD BLUMENTHAL,2021-02-01,paper_scan,https://efdsearch.senate.gov/search/view/paper/f22c2d87-4f73-4469-8fcc-02c9567c6707/,paper_deferred,0,Paper filing intentionally deferred to a future project.,2026-09-10T17:05:26Z
b960f3a6-2f53-4273-bae6-b61e983e6d60,b960f3a6-2f53-4273-bae6-b61e983e6d60,Sheldon Whitehouse,2021-01-25,electronic_html,https://efdsearch.senate.gov/search/view/ptr/b960f3a6-2f53-4273-bae6-b61e983e6d60/,ok_reused,1,,2026-09-10T17:05:26Z
7269bd5f-a8b1-43ea-9f8b-5d0bb4cfde73,7269bd5f-a8b1-43ea-9f8b-5d0bb4cfde73,Mark R Warner,2021-01-13,electronic_html,https://efdsearch.senate.gov/search/view/ptr/7269bd5f-a8b1-43ea-9f8b-5d0bb4cfde73/,ok_reused,1,,2026-09-10T17:05:26Z
2f96648f-acf8-4f28-9e05-ad1d6ebac36d,2f96648f-acf8-4f28-9e05-ad1d6ebac36d,Susan M Collins,2021-01-12,electronic_html,https://efdsearch.senate.gov/search/view/ptr/2f96648f-acf8-4f28-9e05-ad1d6ebac36d/,ok_reused,1,,2026-09-10T17:05:26Z
fe83be59-4d6a-4ade-8163-a12b214d71ab,fe83be59-4d6a-4ade-8163-a12b214d71ab,Rick Scott,2021-01-12,electronic_html,https://efdsearch.senate.gov/search/view/ptr/fe83be59-4d6a-4ade-8163-a12b214d71ab/,ok_reused,1,,2026-09-10T17:05:26Z
5a42cbe1-4c6a-48f6-a2e1-f3652f50340a,5a42cbe1-4c6a-48f6-a2e1-f3652f50340a,Shelley M Capito,2021-01-12,electronic_html,https://efdsearch.senate.gov/search/view/ptr/5a42cbe1-4c6a-48f6-a2e1-f3652f50340a/,ok_reused,10,,2026-09-10T17:05:26Z
e405f3e2-7f99-4124-a457-14dcb85a9532,e405f3e2-7f99-4124-a457-14dcb85a9532,Gary C Peters,2021-01-05,electronic_html,https://efdsearch.senate.gov/search/view/ptr/e405f3e2-7f99-4124-a457-14dcb85a9532/,ok_reused,1,,2026-09-10T17:05:26Z
